ID,Name
0289893897004e4d99e122238538bba6,Brie Greene
0cd5052e0f0a4e8fbce7e36e9d69e173,Smarti
161d56f264894586895605a877732998,emilyzervos
21e63470f218499f8140c964da24800a,Eric Kaye
262f92f208ab483c90f6edbcfbc8251e,lpeltak
28f76d43a10844d7976d955087af964e,Kara Harding
34fdbc2aafb2460e9901991a50295d63,erueve
383a348e97c84dfbbc3169ca98067699,Jess P
39eb585b1675462e87bddfacf8024c73,brooketravers-us
3fca1344c8ea4df3aef395c9a840f591,Steph Johnson
469a0a5e68c04d23adeff628e9d0ded9,Tessf
484868107474404f8cf31198a88d4538,Neil Davé
4a69a38876594685ae6a6bb6b92e6b83,Matt McGovern
545b798c57364c278826c2847d610a2e,Marina Vieira
5d65669cbe4a4fcaadb47fb3ebbf2155,Erica
6afc77567dc5471f9b4d35dd7d5aada2,Yiwen
708285d89baf4ff094731436003a4bf2,Sarah Marturano
750ba811027043b7bd211b4f95d8e1e3,Emily C
78f2c8efbf7248d285c45d9cbe080197,Katie B
7febabde978e4b25b33f1b3c4ce070a4,Josue Antonio
82c07b6dae6e444fa2fa1b4663d71b02,Mike Gray
833da065c575491d9e6dc592364c6eac,CMish
843c25f291ee48ce80ff508856fa93e7,Dana Grinshpan
86657fb590ef405b9ed79ff572e3dec2,jessg513
8a2a836dc2854be1854b7897949c9d3a,Sam Saha
8fc1dc71014e405da1c76d2fc096a6d6,Daniel
913b7d1f8c384fa8809d2f72f4bac744,Charles Wilson
9840733ed9ef4860b47a10d9a2e8f38d,Ines Galindo
98ac3bad53394f2e96460de78cfd5bff,carlymlord
a72c861d0c7e4d1da56fde1beb2b0571,Michael ☄️
a8d1615e794348c3b4c3bb71da0ed65e,AdrianaT2.0
b878145dc8d14e9aa4e69fe6c7d3aa04,kelseytrev
bb05308ddb1c492ea743079835c5b788,Anna Ryan
bc244a1ae5864415b445995616a1f8bd,Erin Thibault
bd72e5a1559748218511b4d60247bbb4,Tess Shapanka
ce3c42e513a049bbb5fe55cfa5b73111,Pkeeli
d48ed6f1619c4de099fff6b4158b3da7,Hilary
d5a72a5d0c504463a1622e88497c170c,kas23555
d7fc034cdd4f4f00adfeb0cfe0718e55,Amanda
dc613e44e9b3492b86d9353ee09ecec1,Syllycanuck
ed4fd10ef61340839f0872b7cc1f2d90,Ben
f1623ebc5b244ed2950c5cc6376f7ad3,Josh Finer
