Spotify URI,Title,Album,Artist(s),Submitter ID,Created,Comment,Round ID,Visible To Voters
spotify:track:023lag1AgeOf7YChojecRu,Gotta Get Thru This - D'N'D Radio Edit,Gotta Get Thru This,"Daniel Bedingfield, D'N'D Productions",a3856ee1b4bc4ac6acc97e4c1f52f370,2026-05-18T11:44:21Z,,b55b4d5632b246c681870404cc4dab4c,No
spotify:track:0ByMNEPAPpOR5H69DVrTNy,Don't Stop The Music,Good Girl Gone Bad: Reloaded,Rihanna,9bb5de166c84417f9eac1ab83cde51a3,2026-05-07T13:15:11Z,,b55b4d5632b246c681870404cc4dab4c,No
spotify:track:18vdhCWxqPohnPwicDi3Xr,Dilemma,Nellyville,"Nelly, Kelly Rowland",84f287e019c74826a2480b1109eb0a86,2026-05-05T12:19:53Z,,b55b4d5632b246c681870404cc4dab4c,Yes
spotify:track:1hGy2eLcmC8eKx7qr1tOqx,Beautiful Girls,Beautiful Girls,Sean Kingston,638bece9d51043468d065ac30af784f2,2026-05-15T10:47:37Z,😗,b55b4d5632b246c681870404cc4dab4c,No
spotify:track:1IqANTbvKLojRoomq685LA,Flowers - Sunship Radio Edit,Flowers,"Sweet Female Attitude, Sunship",4c11ed2e1d2840829a8c25e34c8b7892,2026-05-17T19:49:20Z,,b55b4d5632b246c681870404cc4dab4c,Yes
spotify:track:2PpruBYCo4H7WOBJ7Q2EwM,Hey Ya!,Speakerboxxx/The Love Below,Outkast,352937952a174ae3aab8108db4308b2e,2026-05-12T13:20:26Z,,b55b4d5632b246c681870404cc4dab4c,Yes
spotify:track:2TfSHkHiFO4gRztVIkggkE,"Sugar, We're Goin Down",From Under The Cork Tree,Fall Out Boy,4c465028af754893b92b9f999383bd42,2026-05-14T09:37:20Z,,b55b4d5632b246c681870404cc4dab4c,Yes
spotify:track:3aw9iWUQ3VrPQltgwvN9Xu,Family Affair,No More Drama,Mary J. Blige,5b73825c50154f5faf5593b9b85e2ff1,2026-05-06T14:14:28Z,,b55b4d5632b246c681870404cc4dab4c,Yes
spotify:track:3d0WouFnFmr0K3kjeza3fF,Hips Don't Lie (feat. Wyclef Jean),"Oral Fixation, Vol. 2 (Expanded Edition)","Shakira, Wyclef Jean",95f0f3d2f6e84e54b527a9847c90935c,2026-05-08T08:47:47Z,,b55b4d5632b246c681870404cc4dab4c,Yes
spotify:track:3FtYbEfBqAlGO46NUDQSAt,Electric Feel,Oracular Spectacular,MGMT,0406a844f485406d9a23983096f7d39f,2026-05-14T18:29:21Z,,b55b4d5632b246c681870404cc4dab4c,Yes
spotify:track:3NZJlJemX3mzjf56MqC5ML,Forever,Forever,Chris Brown,b7501cd252ff45a1bf113b6865434a09,2026-05-15T12:38:54Z,,b55b4d5632b246c681870404cc4dab4c,Yes
spotify:track:3UmaczJpikHgJFyBTAJVoz,Stan,The Marshall Mathers LP,"Eminem, Dido",fbef2f7c4beb40d7ad6ff55489359b2f,2026-05-14T09:55:57Z,,b55b4d5632b246c681870404cc4dab4c,Yes
spotify:track:3WkibOpDF7cQ5xntM1epyf,It Wasn't Me,Hot Shot,"Shaggy, Rik Rok",2f9cdeb16a7f487c8bf4a6ed6b08ae38,2026-05-05T15:08:54Z,,b55b4d5632b246c681870404cc4dab4c,No
spotify:track:45hOioMDJktr86iKDHC8gr,Girlfriend,The Best Damn Thing (Expanded Edition),Avril Lavigne,65f3353a17ee4d3093d42837d3a84e21,2026-05-06T14:29:34Z,Throwback to bluetoothing this song to everyone on the school bus,b55b4d5632b246c681870404cc4dab4c,Yes
spotify:track:4PmMVdIFpJTB9WQbmILf4p,How We Do,The Documentary,"The Game, 50 Cent",6fdaac9000ff4741bfbde8fee25272be,2026-05-12T12:40:59Z,,b55b4d5632b246c681870404cc4dab4c,Yes
spotify:track:4r8lRYnoOGdEi6YyI5OC1o,Bye Bye Bye,No Strings Attached,*NSYNC,b283b84b47b14942b2dc114115d20741,2026-05-15T14:25:01Z,,b55b4d5632b246c681870404cc4dab4c,No
spotify:track:5A1FmxbYVRZKy4nc16MAue,Sex on Fire,Only By The Night,Kings of Leon,441377a4cd194279803e5145568346ed,2026-05-17T13:56:29Z,,b55b4d5632b246c681870404cc4dab4c,No
spotify:track:5GorCbAP4aL0EJ16frG2hd,Boulevard of Broken Dreams,Greatest Hits: God's Favorite Band,Green Day,8fc1dc71014e405da1c76d2fc096a6d6,2026-05-14T23:46:47Z,All time classic from 2004,b55b4d5632b246c681870404cc4dab4c,Yes
spotify:track:5rb9QrpfcKFHM1EUbSIurX,Yeah! (feat. Lil Jon & Ludacris),Confessions (Expanded Edition),"USHER, Lil Jon, Ludacris",7b91d7e5ed6d4471b9e7f7be669593c5,2026-05-05T12:21:17Z,,b55b4d5632b246c681870404cc4dab4c,Yes
spotify:track:6bK9BH9Ts8Gj5JFvnQkzak,Get Busy,Dutty Rock (20th Anniversary),Sean Paul,968eab982ccd4fe8bc90c17599c4d2d4,2026-05-07T13:33:25Z,,b55b4d5632b246c681870404cc4dab4c,No
spotify:track:6JY1IdkZGeIcPegKxjSKeb,Since U Been Gone,Breakaway,Kelly Clarkson,ebb25a7b909a431dbc2f15552c35dd26,2026-05-05T12:12:35Z,,b55b4d5632b246c681870404cc4dab4c,Yes
spotify:track:6naxalmIoLFWR0siv8dnQQ,Oops!...I Did It Again,Oops!... I Did It Again,Britney Spears,5fbb8ebfab034a5ea003d35bfaf1a59d,2026-05-06T15:27:43Z,Princess of Pop. Need I say more?,b55b4d5632b246c681870404cc4dab4c,Yes
spotify:track:7iL6o9tox1zgHpKUfh9vuC,In Da Club,Get Rich Or Die Tryin',50 Cent,43625de5909c488b967f4bd2380dd2bb,2026-05-15T10:36:49Z,,b55b4d5632b246c681870404cc4dab4c,Yes
spotify:track:0nrRP2bk19rLc0orkWPQk2,Wake Me Up,True,Avicii,5b73825c50154f5faf5593b9b85e2ff1,2026-05-22T12:21:56Z,,433ee22df41349cdbc041591ffcc0428,Yes
spotify:track:1HFfMOxCAT4GAwaPfCdmUs,Waves - Robin Schulz Radio Edit,Waves (Robin Schulz Radio Edit),"Mr. Probz, Robin Schulz",65f3353a17ee4d3093d42837d3a84e21,2026-05-24T09:29:43Z,,433ee22df41349cdbc041591ffcc0428,No
spotify:track:1LkoYGxmYpO6QSEvY5C0Zl,Scotty Doesn't Know,Left for Dead,Lustra,4c465028af754893b92b9f999383bd42,2026-05-22T12:02:38Z,,433ee22df41349cdbc041591ffcc0428,Yes
spotify:track:23RoR84KodL5HWvUTneQ1w,(It Goes Like) Nanana - Edit,(It Goes Like) Nanana [Edit],Peggy Gou,5fbb8ebfab034a5ea003d35bfaf1a59d,2026-05-24T10:41:17Z,,433ee22df41349cdbc041591ffcc0428,Yes
spotify:track:2Tk5B1h58lJRsrivGg1jaE,Vamos a la Playa,Stars,Loona,ebb25a7b909a431dbc2f15552c35dd26,2026-05-22T16:32:45Z,,433ee22df41349cdbc041591ffcc0428,No
spotify:track:303ccTay2FiDTZ9fZ2AdBt,Music Sounds Better With You,Music Sounds Better With You,"Stardust, Benjamin Diamond, Alan Braxe, Thomas Bangalter",2f9cdeb16a7f487c8bf4a6ed6b08ae38,2026-05-22T12:40:54Z,,433ee22df41349cdbc041591ffcc0428,No
spotify:track:3cZajhyr8LmtPfHZ9296tj,No Broke Boys,No Broke Boys,"Disco Lines, Tinashe",638bece9d51043468d065ac30af784f2,2026-05-22T15:45:57Z,,433ee22df41349cdbc041591ffcc0428,No
spotify:track:3YgtkOxZsTuaZdL8McA1FQ,adore u,adore u,"Fred again.., Obongjayar",b7501cd252ff45a1bf113b6865434a09,2026-05-22T21:54:32Z,,433ee22df41349cdbc041591ffcc0428,Yes
spotify:track:3zkv8ciY9SWH1YgMKRARsr,Je Ne Sais Quoi,Je Ne Sais Quoi,Stan Pratt,8fc1dc71014e405da1c76d2fc096a6d6,2026-05-22T18:06:30Z,,433ee22df41349cdbc041591ffcc0428,No
spotify:track:4Z3F8VnLHzcIRNDRRJmr8P,Too Sweet,Too Sweet,"Trinix, The Macarons Project",441377a4cd194279803e5145568346ed,2026-05-25T11:46:59Z,,433ee22df41349cdbc041591ffcc0428,No
spotify:track:6bOLRTULQUiXeVnxOIPZVA,Gyal You a Party Animal,Gyal You a Party Animal,Charly Black,95f0f3d2f6e84e54b527a9847c90935c,2026-05-22T12:37:57Z,,433ee22df41349cdbc041591ffcc0428,No
spotify:track:6NIJqFHB5cHAn064JCP7Li,Move,Move,"Adam Port, Stryv, Keinemusik, Orso, Malachiii",43625de5909c488b967f4bd2380dd2bb,2026-05-22T13:06:09Z,,433ee22df41349cdbc041591ffcc0428,Yes
spotify:track:6Qi0Wls2EaolwPMPMxfe5f,Sonnentanz - Sun Don't Shine,Netzwerk,"Klangkarussell, Will Heard",4c11ed2e1d2840829a8c25e34c8b7892,2026-05-22T12:30:32Z,,433ee22df41349cdbc041591ffcc0428,Yes
spotify:track:6SvlfrQYzUsW5UQUpUpy26,Bangaranga,Bangaranga,DARA,9bb5de166c84417f9eac1ab83cde51a3,2026-05-24T09:32:15Z,,433ee22df41349cdbc041591ffcc0428,No
spotify:track:6TyXieyAu2z51H6VMPKRI4,Stereo Love - UK Radio Edit,Stereo Love,"Edward Maya, Vika Jigulina",7b91d7e5ed6d4471b9e7f7be669593c5,2026-05-25T09:17:36Z,,433ee22df41349cdbc041591ffcc0428,No
spotify:track:6U7GUjtamt2P0LcFod1dBT,Mas Que Nada,Timeless,"Sérgio Mendes, Black Eyed Peas",352937952a174ae3aab8108db4308b2e,2026-05-24T22:53:17Z,,433ee22df41349cdbc041591ffcc0428,Yes
spotify:track:7iAqvWLgZzXvH38lA06QZg,I Want To Break Free,Bohemian Rhapsody (The Original Soundtrack),Queen,b283b84b47b14942b2dc114115d20741,2026-05-25T10:01:15Z,,433ee22df41349cdbc041591ffcc0428,No
spotify:track:7vvRkLPIvfjjmCIqNxBuEZ,Back To Life,Keep On Movin',"Soul II Soul, Caron Wheeler",a3856ee1b4bc4ac6acc97e4c1f52f370,2026-05-25T11:16:10Z,,433ee22df41349cdbc041591ffcc0428,No
spotify:track:0boS4e6uXwp3zAvz1mLxZS,Run Boy Run,The Golden Age,Woodkid,968eab982ccd4fe8bc90c17599c4d2d4,2026-05-30T00:50:33Z,,36ab7f6b32ea4d23b8a8c95a0c34c16e,No
spotify:track:0rgyUTQgZ0XQCRHm4qKRB0,Here Come the Girls,Don't Stop the Party!,Flashback Avenue,4c11ed2e1d2840829a8c25e34c8b7892,2026-05-31T20:48:01Z,,36ab7f6b32ea4d23b8a8c95a0c34c16e,Yes
spotify:track:18AXbzPzBS8Y3AkgSxzJPb,In the Air Tonight - 2015 Remaster,Face Value (Deluxe Editon),Phil Collins,b283b84b47b14942b2dc114115d20741,2026-05-29T12:02:27Z,,36ab7f6b32ea4d23b8a8c95a0c34c16e,No
spotify:track:1bx7OUl2UmAnA5oZkm9If7,Jerk It Out,Jerk It Out,Caesars,638bece9d51043468d065ac30af784f2,2026-05-29T12:43:43Z,,36ab7f6b32ea4d23b8a8c95a0c34c16e,No
spotify:track:2u1u4wKiBhQOg4BjDNIfhD,She's Always A Woman - Bonus Track,Fly Yellow Moon,Fyfe Dangerfield,fbef2f7c4beb40d7ad6ff55489359b2f,2026-06-01T11:56:56Z,Famously used by those devious markteers at John Lewis,36ab7f6b32ea4d23b8a8c95a0c34c16e,Yes
spotify:track:3APHT3KjbHi9OllkVQsuXF,Bohemian Like You,Thirteen Tales From Urban Bohemia,The Dandy Warhols,b7501cd252ff45a1bf113b6865434a09,2026-05-29T15:22:21Z,,36ab7f6b32ea4d23b8a8c95a0c34c16e,Yes
spotify:track:3jQyadhLTxpxadQlkFh2b8,Heartbeats,Veneer,José González,3d1b93dc4aef4e1aa8d20e8e903a52cc,2026-05-29T15:58:06Z,,36ab7f6b32ea4d23b8a8c95a0c34c16e,Yes
spotify:track:4l2ljvyXOCVNbD5ff7NpM7,"I Like to Move It (feat. The Mad Stuntman) - Erick ""More"" Album Mix",Move It!,"Reel 2 Real, Erick Morillo, The Mad Stuntman",0406a844f485406d9a23983096f7d39f,2026-05-29T18:26:26Z,,36ab7f6b32ea4d23b8a8c95a0c34c16e,Yes
spotify:track:4o6BgsqLIBViaGVbx5rbRk,You Make My Dreams (Come True),Voices,Daryl Hall & John Oates,2f9cdeb16a7f487c8bf4a6ed6b08ae38,2026-05-29T14:53:00Z,,36ab7f6b32ea4d23b8a8c95a0c34c16e,No
spotify:track:4YA5g2UpNLmdql8fdrhlwY,Let Me Blow Ya Mind,Scorpion,"Eve, Gwen Stefani",7b91d7e5ed6d4471b9e7f7be669593c5,2026-05-29T12:02:59Z,,36ab7f6b32ea4d23b8a8c95a0c34c16e,Yes
spotify:track:58jx3tTuDuzHysC77c0AQd,Hold My Hand,I Cry When I Laugh,Jess Glynne,ebb25a7b909a431dbc2f15552c35dd26,2026-05-29T12:04:27Z,"Nothing beats a Jet2 Holiday 😂
“Stuck with me” in the sense that it was stuck in my head against my will for my entire holiday",36ab7f6b32ea4d23b8a8c95a0c34c16e,No
spotify:track:5e9TFTbltYBg2xThimr0rU,The Chain - 2004 Remaster,Rumours (Super Deluxe),Fleetwood Mac,a3856ee1b4bc4ac6acc97e4c1f52f370,2026-06-01T08:35:12Z,,36ab7f6b32ea4d23b8a8c95a0c34c16e,No
spotify:track:5lN1EH25gdiqT1SFALMAq1,Gold on the Ceiling,El Camino,The Black Keys,65f3353a17ee4d3093d42837d3a84e21,2026-05-29T12:46:12Z,,36ab7f6b32ea4d23b8a8c95a0c34c16e,No
spotify:track:5r5cp9IpziiIsR6b93vcnQ,Walking On A Dream,Walking On A Dream (10th Anniversary Edition),Empire Of The Sun,441377a4cd194279803e5145568346ed,2026-05-29T12:42:32Z,,36ab7f6b32ea4d23b8a8c95a0c34c16e,No
spotify:track:63Tl9k1sH8tznn3bqoMuyF,Waka Waka (This Time for Africa) - K-Mix,Sale el Sol,Shakira,9bb5de166c84417f9eac1ab83cde51a3,2026-05-31T12:15:34Z,,36ab7f6b32ea4d23b8a8c95a0c34c16e,No
spotify:track:6nYEkOrpEjeNV3MBLwoZBG,Somewhere Only We Know,Sheezus,Lily Allen,4c465028af754893b92b9f999383bd42,2026-06-01T06:19:47Z,,36ab7f6b32ea4d23b8a8c95a0c34c16e,Yes
spotify:track:6XKS2RPVpBGvF7Qn7FffFx,Your Song,Lights 10,Ellie Goulding,5b73825c50154f5faf5593b9b85e2ff1,2026-05-29T12:04:42Z,,36ab7f6b32ea4d23b8a8c95a0c34c16e,Yes
spotify:track:72zZfHPYx43shcP3eKkYi5,Are You Gonna Be My Girl,Get Born (Deluxe Edition),Jet,8fc1dc71014e405da1c76d2fc096a6d6,2026-05-29T12:49:36Z,Commercial was hilarious,36ab7f6b32ea4d23b8a8c95a0c34c16e,Yes
spotify:track:7BBF73cSuNulTag3pLOvVQ,Every Neighbour Got Their Flava (Just Eat),Every Neighbour Got Their Flava (Just Eat),Craig David,43625de5909c488b967f4bd2380dd2bb,2026-05-29T12:19:25Z,,36ab7f6b32ea4d23b8a8c95a0c34c16e,Yes
spotify:track:7tqhbajSfrz2F7E1Z75ASX,Ain't No Mountain High Enough,United,"Marvin Gaye, Tammi Terrell",5fbb8ebfab034a5ea003d35bfaf1a59d,2026-05-29T12:49:01Z,from DHL commercials,36ab7f6b32ea4d23b8a8c95a0c34c16e,Yes
spotify:track:0GjEhVFGZW8afUYGChu3Rr,Dancing Queen,Arrival,ABBA,5fbb8ebfab034a5ea003d35bfaf1a59d,2026-06-05T12:35:07Z,,64f1f044b67440a0b64ab5f03a7accde,Yes
spotify:track:1di1BEgJYzPvXUuinsYJGP,Everybody (Backstreet's Back) - Radio Edit,Backstreet's Back,Backstreet Boys,ebb25a7b909a431dbc2f15552c35dd26,2026-06-05T12:37:42Z,,64f1f044b67440a0b64ab5f03a7accde,No
spotify:track:1lbXEepatjRVjoG8pZMtdp,Dreams,Greatest Hits,Fleetwood Mac,b283b84b47b14942b2dc114115d20741,2026-06-08T08:29:54Z,,64f1f044b67440a0b64ab5f03a7accde,No
spotify:track:1vCBk33l9HaWp5FOnhSGxk,I Feel Love,I Remember Yesterday,Donna Summer,968eab982ccd4fe8bc90c17599c4d2d4,2026-06-06T16:46:26Z,,64f1f044b67440a0b64ab5f03a7accde,No
spotify:track:2374M0fQpWi3dLnB54qaLX,Africa,Toto IV,TOTO,352937952a174ae3aab8108db4308b2e,2026-06-08T12:56:57Z,,64f1f044b67440a0b64ab5f03a7accde,Yes
spotify:track:3nFJbZCHP4d9vduKjJLdBL,Never Too Much,Never Too Much,Luther Vandross,0406a844f485406d9a23983096f7d39f,2026-06-05T22:20:32Z,,64f1f044b67440a0b64ab5f03a7accde,Yes
spotify:track:3QHONiXGMGU3z68mQInncF,"I'll Be Missing You (feat. Faith Evans, 112)",Bad Boy's 10th Anniversary- The Hits,"Diddy, Faith Evans, 112",638bece9d51043468d065ac30af784f2,2026-06-05T12:25:08Z,,64f1f044b67440a0b64ab5f03a7accde,No
spotify:track:3vZO25GdYuqFrR1kzZADnp,Ready or Not,The Score (Expanded Edition),"Fugees, Ms. Lauryn Hill, Wyclef Jean, Pras",7b91d7e5ed6d4471b9e7f7be669593c5,2026-06-08T15:08:12Z,,64f1f044b67440a0b64ab5f03a7accde,Yes
spotify:track:3z8h0TU7ReDPLIbEnYhWZb,Bohemian Rhapsody,Bohemian Rhapsody (The Original Soundtrack),Queen,4c465028af754893b92b9f999383bd42,2026-06-08T12:01:28Z,,64f1f044b67440a0b64ab5f03a7accde,Yes
spotify:track:4CeeEOM32jQcH3eN9Q2dGj,Smells Like Teen Spirit,Nevermind (Remastered),Nirvana,2f9cdeb16a7f487c8bf4a6ed6b08ae38,2026-06-05T12:23:18Z,,64f1f044b67440a0b64ab5f03a7accde,No
spotify:track:4dT3qLUU6fFUmomLzk2cUA,Freedom! '90 - Remastered,Ladies & Gentlemen,George Michael,65f3353a17ee4d3093d42837d3a84e21,2026-06-08T15:01:27Z,,64f1f044b67440a0b64ab5f03a7accde,No
spotify:track:4N0TP4Rmj6QQezWV88ARNJ,Superstition,Talking Book,Stevie Wonder,5b73825c50154f5faf5593b9b85e2ff1,2026-06-05T12:27:47Z,,64f1f044b67440a0b64ab5f03a7accde,Yes
spotify:track:4NnWuGQujzWUEg0uZokO5M,Just Like Heaven - Remastered 2006,Kiss Me Kiss Me Kiss Me (Remastered 2006),The Cure,441377a4cd194279803e5145568346ed,2026-06-08T06:46:05Z,,64f1f044b67440a0b64ab5f03a7accde,No
spotify:track:4TIJ7zSBNejpoIPaWpWRKc,Rebel Yell,Rebel Yell,Billy Idol,8fc1dc71014e405da1c76d2fc096a6d6,2026-06-06T17:15:15Z,,64f1f044b67440a0b64ab5f03a7accde,No
spotify:track:6ztstiyZL6FXzh4aG46ZPD,Boogie Wonderland (with The Emotions),I Am,"Earth, Wind & Fire, The Emotions",43625de5909c488b967f4bd2380dd2bb,2026-06-07T21:19:26Z,,64f1f044b67440a0b64ab5f03a7accde,No
spotify:track:6ZXmTH4DpP07a2TvHx1EF9,Could You Be Loved,Legend - The Best Of Bob Marley And The Wailers,Bob Marley & The Wailers,4c11ed2e1d2840829a8c25e34c8b7892,2026-06-08T07:09:30Z,,64f1f044b67440a0b64ab5f03a7accde,Yes
spotify:track:77NNZQSqzLNqh2A9JhLRkg,Don't Stop Believin',The Essential Journey,Journey,3d1b93dc4aef4e1aa8d20e8e903a52cc,2026-06-07T13:44:15Z,,64f1f044b67440a0b64ab5f03a7accde,Yes
spotify:track:7yFvSYKk3g5g8e7Ffl16ws,Three Little Birds,Exodus,Bob Marley & The Wailers,b7501cd252ff45a1bf113b6865434a09,2026-06-07T14:46:41Z,,64f1f044b67440a0b64ab5f03a7accde,Yes
spotify:track:0aj2QKJvz6CePykmlTApiD,Señorita,Justified,Justin Timberlake,0406a844f485406d9a23983096f7d39f,2026-06-13T21:10:02Z,,edf00e1bf34d491bbc3d195275702bc9,Yes
spotify:track:0pqnGHJpmpxLKifKRmU6WP,Believer,Evolve,Imagine Dragons,ebb25a7b909a431dbc2f15552c35dd26,2026-06-13T11:19:38Z,,edf00e1bf34d491bbc3d195275702bc9,No
spotify:track:13MF2TYuyfITClL1R2ei6e,BOOMBAYAH,SQUARE ONE,BLACKPINK,9bb5de166c84417f9eac1ab83cde51a3,2026-06-13T21:42:19Z,,edf00e1bf34d491bbc3d195275702bc9,No
spotify:track:21SUW6VqiPSwSumXMPYQtz,True,True,Clementine Douglas,441377a4cd194279803e5145568346ed,2026-06-15T07:24:40Z,,edf00e1bf34d491bbc3d195275702bc9,No
spotify:track:2gam98EZKrF9XuOkU13ApN,Promiscuous,Loose,"Nelly Furtado, Timbaland",95f0f3d2f6e84e54b527a9847c90935c,2026-06-12T12:03:40Z,,edf00e1bf34d491bbc3d195275702bc9,Yes
spotify:track:2i1AVZAYLhrQTvzr1hu7Jt,Titanium (feat. Sia),Nothing but the Beat 2.0,"David Guetta, Sia",5fbb8ebfab034a5ea003d35bfaf1a59d,2026-06-12T12:17:31Z,,edf00e1bf34d491bbc3d195275702bc9,No
spotify:track:2LlQb7Uoj1kKyGhlkBf9aC,Thriller,Thriller,Michael Jackson,43625de5909c488b967f4bd2380dd2bb,2026-06-12T12:20:39Z,,edf00e1bf34d491bbc3d195275702bc9,No
spotify:track:2SpEHTbUuebeLkgs9QB7Ue,Jolene,Jolene,Dolly Parton,a3856ee1b4bc4ac6acc97e4c1f52f370,2026-06-13T21:13:33Z,,edf00e1bf34d491bbc3d195275702bc9,No
spotify:track:3gjHnylel3PTRpjS44ocqr,Zombie - 2025 Remastered,No Need To Argue (2025 Remastered),The Cranberries,2f9cdeb16a7f487c8bf4a6ed6b08ae38,2026-06-12T16:49:48Z,,edf00e1bf34d491bbc3d195275702bc9,No
spotify:track:49FYlytm3dAAraYgpoJZux,Umbrella,Good Girl Gone Bad: Reloaded,"Rihanna, JAŸ-Z",638bece9d51043468d065ac30af784f2,2026-06-12T19:10:43Z,,edf00e1bf34d491bbc3d195275702bc9,No
spotify:track:4Ub8UsjWuewQrPhuepfVpd,Pompeii,All This Bad Blood,Bastille,e6c75ce347454dee9da3dba31ccca49f,2026-06-13T07:49:17Z,,edf00e1bf34d491bbc3d195275702bc9,No
spotify:track:5BZsQlgw21vDOAjoqkNgKb,DAISIES,SWAG,Justin Bieber,b7501cd252ff45a1bf113b6865434a09,2026-06-12T13:04:27Z,,edf00e1bf34d491bbc3d195275702bc9,Yes
spotify:track:5gJKsGij5oGt5H5RSFYXPa,Tequila,Greatest Hits / Tequila,The Champs,b283b84b47b14942b2dc114115d20741,2026-06-12T12:01:59Z,,edf00e1bf34d491bbc3d195275702bc9,No
spotify:track:62LJFaYihsdVrrkgUOJC05,Kiss,Parade - Music from the Motion Picture Under the Cherry Moon,Prince,7b91d7e5ed6d4471b9e7f7be669593c5,2026-06-12T12:52:58Z,,edf00e1bf34d491bbc3d195275702bc9,Yes
spotify:track:64I9byMYBlS1ARsC3vtpgW,Ottolenghi,"Not Waving, But Drowning","Loyle Carner, Jordan Rakei",65f3353a17ee4d3093d42837d3a84e21,2026-06-15T07:22:51Z,,edf00e1bf34d491bbc3d195275702bc9,No
spotify:track:6Tsu3OsuMz4KEGKbOYd6A0,Hypnotize - 2007 Remaster,Greatest Hits,The Notorious B.I.G.,3d1b93dc4aef4e1aa8d20e8e903a52cc,2026-06-12T13:18:22Z,,edf00e1bf34d491bbc3d195275702bc9,No
spotify:track:7lMIJ4EFWRVoAIPDpeGyM3,Blue (Da Ba Dee) - Gabry Ponte Video Edit,Blue (Da Ba Dee),"Eiffel 65, Gabry Ponte",968eab982ccd4fe8bc90c17599c4d2d4,2026-06-14T19:28:30Z,,edf00e1bf34d491bbc3d195275702bc9,No
spotify:track:7m57eGe3haQgQgbsuSufwJ,Sinner,The Drive Home,Samara Cyn,8fc1dc71014e405da1c76d2fc096a6d6,2026-06-13T21:29:13Z,,edf00e1bf34d491bbc3d195275702bc9,No
spotify:track:7nYvUtkQMx1v80S2FH2s9J,Regulate,Regulate… G Funk Era,"Warren G, Nate Dogg",5b73825c50154f5faf5593b9b85e2ff1,2026-06-14T14:12:42Z,,edf00e1bf34d491bbc3d195275702bc9,Yes
spotify:track:7s25THrKz86DM225dOYwnr,Respect,I Never Loved a Man the Way I Love You,Aretha Franklin,352937952a174ae3aab8108db4308b2e,2026-06-14T08:52:18Z,,edf00e1bf34d491bbc3d195275702bc9,Yes
spotify:track:003vvx7Niy0yvhvHt4a68B,Mr. Brightside,Hot Fuss,The Killers,3d1b93dc4aef4e1aa8d20e8e903a52cc,2026-06-19T13:28:38Z,,67518b26dfe041749793990987db5398,No
spotify:track:0DiWol3AO6WpXZgp0goxAV,One More Time,Discovery,Daft Punk,352937952a174ae3aab8108db4308b2e,2026-06-19T14:02:57Z,,67518b26dfe041749793990987db5398,Yes
spotify:track:0FDzzruyVECATHXKHFs9eJ,A Sky Full of Stars,Ghost Stories,Coldplay,4c11ed2e1d2840829a8c25e34c8b7892,2026-06-21T13:30:22Z,,67518b26dfe041749793990987db5398,Yes
spotify:track:0U10zFw4GlBacOy9VDGfGL,We Found Love,Talk That Talk,"Rihanna, Calvin Harris",638bece9d51043468d065ac30af784f2,2026-06-19T16:55:27Z,,67518b26dfe041749793990987db5398,No
spotify:track:19nYrMH902d3LhO7Xw76ur,Alone,Alone,Edgars Bukovskis,8fc1dc71014e405da1c76d2fc096a6d6,2026-06-22T05:52:53Z,,67518b26dfe041749793990987db5398,No
spotify:track:1FS21kclHQ2vVi3U1ZxETc,Praise You,You've Come a Long Way Baby,Fatboy Slim,b7501cd252ff45a1bf113b6865434a09,2026-06-19T13:06:15Z,,67518b26dfe041749793990987db5398,Yes
spotify:track:1qPbGZqppFwLwcBC1JQ6Vr,Wonderwall,(What's The Story) Morning Glory?,Oasis,b283b84b47b14942b2dc114115d20741,2026-06-22T12:05:49Z,,67518b26dfe041749793990987db5398,No
spotify:track:25FTMokYEbEWHEdss5JLZS,Teenage Dirtbag,Wheatus,Wheatus,a3856ee1b4bc4ac6acc97e4c1f52f370,2026-06-21T13:04:18Z,,67518b26dfe041749793990987db5398,No
spotify:track:2A7GGXmTlXuH9LOvBXgOX4,Champagne Supernova - Remastered,(What's The Story) Morning Glory? (Deluxe Remastered Edition),Oasis,e6c75ce347454dee9da3dba31ccca49f,2026-06-19T15:07:51Z,,67518b26dfe041749793990987db5398,No
spotify:track:2aJDlirz6v2a4HREki98cP,Glue,Bicep,BICEP,43625de5909c488b967f4bd2380dd2bb,2026-06-19T14:44:06Z,,67518b26dfe041749793990987db5398,No
spotify:track:2V65y3PX4DkRhy1djlxd9p,Don't You Worry Child - Radio Edit,Don't You Worry Child,"Swedish House Mafia, John Martin",5fbb8ebfab034a5ea003d35bfaf1a59d,2026-06-19T14:19:20Z,,67518b26dfe041749793990987db5398,Yes
spotify:track:2ygMBIctKIAfbEBcT9065L,Pump It,Monkey Business,Black Eyed Peas,ebb25a7b909a431dbc2f15552c35dd26,2026-06-20T21:49:41Z,,67518b26dfe041749793990987db5398,No
spotify:track:5072hCBK3Z15qRnTEzd8fy,Titanium (feat. Sia) - David Guetta & MORTEN Future Rave Remix,Titanium (feat. Sia) [David Guetta & MORTEN Future Rave Remix],"David Guetta, Sia, MORTEN",95f0f3d2f6e84e54b527a9847c90935c,2026-06-19T13:50:16Z,,67518b26dfe041749793990987db5398,No
spotify:track:51ODNNDZm21HU7wI7cccRr,Latch,Settle (Special Edition),"Disclosure, Sam Smith",0406a844f485406d9a23983096f7d39f,2026-06-19T21:11:52Z,,67518b26dfe041749793990987db5398,Yes
spotify:track:5A1FmxbYVRZKy4nc16MAue,Sex on Fire,Only By The Night,Kings of Leon,5b73825c50154f5faf5593b9b85e2ff1,2026-06-19T13:48:12Z,,67518b26dfe041749793990987db5398,Yes
spotify:track:5G1sTBGbZT5o4PNRc75RKI,Lonely Boy,El Camino,The Black Keys,968eab982ccd4fe8bc90c17599c4d2d4,2026-06-22T10:36:16Z,,67518b26dfe041749793990987db5398,No
spotify:track:6Sy9BUbgFse0n0LPA5lwy5,Sandstorm,"Before the Storm, Special Edition",Darude,7b91d7e5ed6d4471b9e7f7be669593c5,2026-06-19T13:06:52Z,,67518b26dfe041749793990987db5398,No
spotify:track:7GF92haKwJg9WUdnkTxRtr,Magnolias,LUX,ROSALÍA,441377a4cd194279803e5145568346ed,2026-06-22T11:48:24Z,,67518b26dfe041749793990987db5398,No
spotify:track:7j31rVgGX9Q2blT92VBEA0,Teenagers,The Black Parade,My Chemical Romance,2f9cdeb16a7f487c8bf4a6ed6b08ae38,2026-06-19T14:04:11Z,,67518b26dfe041749793990987db5398,No
spotify:track:0d28khcov6AiegSCpG5TuT,Feel Good Inc.,Demon Days,"Gorillaz, De La Soul",7b91d7e5ed6d4471b9e7f7be669593c5,2026-06-29T07:44:25Z,,f71eccc004314c0eb8feeb1987e705ce,Yes
spotify:track:19kHhX6f6EfLU7rcO3RqjO,Back On 74,Volcano,Jungle,0406a844f485406d9a23983096f7d39f,2026-06-28T20:49:25Z,,f71eccc004314c0eb8feeb1987e705ce,Yes
spotify:track:1KGi9sZVMeszgZOWivFpxs,No Scrubs,Fanmail,TLC,352937952a174ae3aab8108db4308b2e,2026-06-26T13:27:02Z,,f71eccc004314c0eb8feeb1987e705ce,Yes
spotify:track:2fuCquhmrzHpu5xcA1ci9x,Under Pressure - Remastered 2011,Hot Space (2011 Remaster),"Queen, David Bowie",b283b84b47b14942b2dc114115d20741,2026-06-29T12:03:39Z,,f71eccc004314c0eb8feeb1987e705ce,No
spotify:track:2HWWNoWEEEECwZhAiLg7ib,Beautiful Liar,B'Day Deluxe Edition,"Beyoncé, Shakira",ebb25a7b909a431dbc2f15552c35dd26,2026-06-26T13:00:56Z,,f71eccc004314c0eb8feeb1987e705ce,No
spotify:track:2igwFfvr1OAGX9SKDCPBwO,Empire State Of Mind,The Blueprint 3,"JAŸ-Z, Alicia Keys",43625de5909c488b967f4bd2380dd2bb,2026-06-28T15:16:48Z,,f71eccc004314c0eb8feeb1987e705ce,No
spotify:track:2VxeLyX666F8uXCJ0dZF8B,Shallow,A Star Is Born Soundtrack,"Lady Gaga, Bradley Cooper",b7501cd252ff45a1bf113b6865434a09,2026-06-29T12:42:52Z,,f71eccc004314c0eb8feeb1987e705ce,Yes
spotify:track:3pvOdS9kIz3LL0UoRVsabS,Playing With Fire,Against All Odds,"N-Dubz, Mr Hudson",638bece9d51043468d065ac30af784f2,2026-06-26T15:28:14Z,,f71eccc004314c0eb8feeb1987e705ce,No
spotify:track:5lWSa1rmuSL6OBPOnkAqoa,Rasputin,Daddy Cool,Boney M.,95f0f3d2f6e84e54b527a9847c90935c,2026-06-26T13:00:50Z,,f71eccc004314c0eb8feeb1987e705ce,Yes
spotify:track:5zQ1Wq6HNYjGZWkVv5P8Eg,Breaking Free,High School Musical,"Troy, Gabriella, Disney",5fbb8ebfab034a5ea003d35bfaf1a59d,2026-06-26T13:29:57Z,,f71eccc004314c0eb8feeb1987e705ce,No
spotify:track:6EIVLz5xM1xE29r0OmIkWt,Falling Slowly,Once (Music From The Motion Picture),"Glen Hansard, Markéta Irglová",968eab982ccd4fe8bc90c17599c4d2d4,2026-06-29T11:23:35Z,,f71eccc004314c0eb8feeb1987e705ce,No
spotify:track:6sHsXIJoEN5JpdkGMQDJxt,The Boy Is Mine,Never Say Never,"Brandy, Monica",5b73825c50154f5faf5593b9b85e2ff1,2026-06-29T09:24:33Z,,f71eccc004314c0eb8feeb1987e705ce,Yes
spotify:track:6W7ztLBiRzBN46ZaPAcQ0F,"(I've Had) The Time Of My Life - From ""Dirty Dancing"" Soundtrack",Dirty Dancing (Original Motion Picture Soundtrack),"Bill Medley, Jennifer Warnes",a3856ee1b4bc4ac6acc97e4c1f52f370,2026-06-29T08:48:22Z,,f71eccc004314c0eb8feeb1987e705ce,No
spotify:track:7HW5WIw7ZgZORCzUxv5gW5,Don't Go Breaking My Heart,Rock Of The Westies,"Elton John, Kiki Dee",e6c75ce347454dee9da3dba31ccca49f,2026-06-28T16:38:26Z,,f71eccc004314c0eb8feeb1987e705ce,No
spotify:track:7jLbTp3qZzah9kMIdW8e5M,Ghetto Gospel,Loyal To The Game,"2Pac, Elton John",4c11ed2e1d2840829a8c25e34c8b7892,2026-06-29T12:06:55Z,,f71eccc004314c0eb8feeb1987e705ce,Yes
spotify:track:7MZHqgTVTnN6xZGYAcEEAf,Rein Me In (with Olivia Dean),Rein Me In (with Olivia Dean),"Sam Fender, Olivia Dean",8fc1dc71014e405da1c76d2fc096a6d6,2026-06-26T13:31:37Z,,f71eccc004314c0eb8feeb1987e705ce,No
spotify:track:7tqhbajSfrz2F7E1Z75ASX,Ain't No Mountain High Enough,United,"Marvin Gaye, Tammi Terrell",2f9cdeb16a7f487c8bf4a6ed6b08ae38,2026-06-26T13:55:59Z,,f71eccc004314c0eb8feeb1987e705ce,No
spotify:track:7ySbfLwdCwl1EM0zNCJZ38,One Sweet Day,Daydream,"Mariah Carey, Boyz II Men",3d1b93dc4aef4e1aa8d20e8e903a52cc,2026-06-26T13:01:39Z,,f71eccc004314c0eb8feeb1987e705ce,No
spotify:track:0Ai6qtPfiEYGCqBGJYWD1W,Three Lions (Football's Coming Home),Three Lions (Football's Coming Home),"Baddiel, Skinner & Lightning Seeds",638bece9d51043468d065ac30af784f2,2026-07-03T16:57:28Z,For the spirit ,f795f7c8c9fb47bebdfa62625838b763,No
spotify:track:0KPWi8mDRagwxnwaA0di8a,Hedonism (Just Because You Feel Good),Stoosh,Skunk Anansie,5b73825c50154f5faf5593b9b85e2ff1,2026-07-03T13:10:33Z,,f795f7c8c9fb47bebdfa62625838b763,Yes
spotify:track:2E43WFS4rRc09za2r2GmZl,My Songs Know What You Did In The Dark (Light Em Up),Save Rock And Roll,Fall Out Boy,ebb25a7b909a431dbc2f15552c35dd26,2026-07-03T13:02:54Z,,f795f7c8c9fb47bebdfa62625838b763,No
spotify:track:2m1hi0nfMR9vdGC8UcrnwU,All The Small Things,Enema Of The State,blink-182,b7501cd252ff45a1bf113b6865434a09,2026-07-03T13:06:38Z,,f795f7c8c9fb47bebdfa62625838b763,Yes
spotify:track:3FtYbEfBqAlGO46NUDQSAt,Electric Feel,Oracular Spectacular,MGMT,43625de5909c488b967f4bd2380dd2bb,2026-07-03T13:01:42Z,,f795f7c8c9fb47bebdfa62625838b763,No
spotify:track:3l9CW99AHtExIRV4hW2N5m,Misery Business,Riot!,Paramore,2f9cdeb16a7f487c8bf4a6ed6b08ae38,2026-07-03T16:10:42Z,,f795f7c8c9fb47bebdfa62625838b763,No
spotify:track:3SFXsFpeGmBTtQvKiwYMDA,Pretty Fly (For A White Guy),Americana,The Offspring,968eab982ccd4fe8bc90c17599c4d2d4,2026-07-04T01:07:17Z,,f795f7c8c9fb47bebdfa62625838b763,No
spotify:track:4CeeEOM32jQcH3eN9Q2dGj,Smells Like Teen Spirit,Nevermind (Remastered),Nirvana,a3856ee1b4bc4ac6acc97e4c1f52f370,2026-07-06T07:36:39Z,,f795f7c8c9fb47bebdfa62625838b763,No
spotify:track:4yS9mjJiE8dyC8EVg9vupQ,Hotel California - 2013 Remaster,Legacy,Eagles,95f0f3d2f6e84e54b527a9847c90935c,2026-07-03T13:03:51Z,,f795f7c8c9fb47bebdfa62625838b763,Yes
spotify:track:5cY8y2XgOfkAh4kSWLFKkz,I Write Sins Not Tragedies,A Fever You Can't Sweat Out,Panic! At The Disco,352937952a174ae3aab8108db4308b2e,2026-07-03T13:47:14Z,,f795f7c8c9fb47bebdfa62625838b763,Yes
spotify:track:5FVd6KXrgO9B3JPmC8OPst,Do I Wanna Know?,AM,Arctic Monkeys,5fbb8ebfab034a5ea003d35bfaf1a59d,2026-07-03T14:15:09Z,,f795f7c8c9fb47bebdfa62625838b763,Yes
spotify:track:5UWwZ5lm5PKu6eKsHAGxOk,Everlong,The Colour And The Shape,Foo Fighters,3d1b93dc4aef4e1aa8d20e8e903a52cc,2026-07-03T16:37:49Z,,f795f7c8c9fb47bebdfa62625838b763,No
spotify:track:5WJU527RQNyMLuKecjsL8V,Maggot Brain,Maggot Brain,Funkadelic,441377a4cd194279803e5145568346ed,2026-07-06T12:53:11Z,,f795f7c8c9fb47bebdfa62625838b763,No
spotify:track:6AGBZEHiJTtM0GE7iEFYRB,Tell Me When You've Had Enough,Sanctuary,Evanescence,8fc1dc71014e405da1c76d2fc096a6d6,2026-07-05T14:01:30Z,"New album rocks, saw them live this summer",f795f7c8c9fb47bebdfa62625838b763,No
spotify:track:6urCAbunOQI4bLhmGpX7iS,Don't Speak,Tragic Kingdom,No Doubt,0406a844f485406d9a23983096f7d39f,2026-07-04T06:25:18Z,,f795f7c8c9fb47bebdfa62625838b763,Yes
spotify:track:70LcF31zb1H0PyJoS1Sx1r,Creep,Pablo Honey,Radiohead,b283b84b47b14942b2dc114115d20741,2026-07-03T13:16:22Z,,f795f7c8c9fb47bebdfa62625838b763,No
spotify:track:0upFohXrGxIIAjyaJmCkMU,"Tokyo Drift (Fast & Furious) - From ""The Fast And The Furious: Tokyo Drift"" Soundtrack",Tokyo Drift (Fast & Furious),Teriyaki Boyz,352937952a174ae3aab8108db4308b2e,2026-07-10T13:40:13Z,,e1908309e127469eb21010bbcccf9663,Yes
spotify:track:124Y9LPRCAz3q2OP0iCvcJ,London Calling,London Calling (Expanded Edition),The Clash,b283b84b47b14942b2dc114115d20741,2026-07-10T13:11:24Z,,e1908309e127469eb21010bbcccf9663,No
spotify:track:1auxYwYrFRqZP7t3s7w4um,Ni**as In Paris,Watch The Throne,"JAŸ-Z, Kanye West",5b73825c50154f5faf5593b9b85e2ff1,2026-07-10T13:10:18Z,,e1908309e127469eb21010bbcccf9663,Yes
spotify:track:1rfofaqEpACxVEHIZBJe6W,Havana (feat. Young Thug),Camila,"Camila Cabello, Young Thug",43625de5909c488b967f4bd2380dd2bb,2026-07-10T14:59:55Z,,e1908309e127469eb21010bbcccf9663,No
spotify:track:1W387dPX20G2kzUZCO1YXU,Africa,Afrikan Sauce,"Sauti Sol, Yemi Alade",95f0f3d2f6e84e54b527a9847c90935c,2026-07-10T15:38:30Z,,e1908309e127469eb21010bbcccf9663,Yes
spotify:track:2ixsaeFioXJmMgkkbd4uj1,Budapest,Wanted on Voyage (Expanded Edition),George Ezra,968eab982ccd4fe8bc90c17599c4d2d4,2026-07-10T15:55:51Z,,e1908309e127469eb21010bbcccf9663,No
spotify:track:3qhlB30KknSejmIvZZLjOD,End of Beginning,DECIDE,Djo,8fc1dc71014e405da1c76d2fc096a6d6,2026-07-13T06:45:49Z,"“And when I'm back in Chicago, I feel it
Another version of me, I was in it”",e1908309e127469eb21010bbcccf9663,Yes
spotify:track:4U45aEWtQhrm8A5mxPaFZ7,Vienna,The Stranger (Legacy Edition),Billy Joel,2f9cdeb16a7f487c8bf4a6ed6b08ae38,2026-07-10T13:00:29Z,,e1908309e127469eb21010bbcccf9663,No
spotify:track:5fgkjhICZnqFctrV0AyuQD,Walking in Memphis,Marc Cohn,Marc Cohn,3d1b93dc4aef4e1aa8d20e8e903a52cc,2026-07-10T17:38:19Z,,e1908309e127469eb21010bbcccf9663,No
spotify:track:5iY4ME9owPdS6R99Kcz5Gr,Miami 2 Ibiza - Swedish House Mafia vs. Tinie Tempah,Disc-Overy,"Swedish House Mafia, Tinie Tempah",7b91d7e5ed6d4471b9e7f7be669593c5,2026-07-13T11:00:07Z,,e1908309e127469eb21010bbcccf9663,Yes
spotify:track:5sra5UY6sD658OabHL3QtI,Empire State of Mind (Part II) Broken Down,The Element Of Freedom,Alicia Keys,ebb25a7b909a431dbc2f15552c35dd26,2026-07-10T13:01:07Z,,e1908309e127469eb21010bbcccf9663,No
spotify:track:5wD6de7Fz1QfxVNkv1SEy7,LDN,"Alright, Still (Deluxe)",Lily Allen,0406a844f485406d9a23983096f7d39f,2026-07-10T13:04:27Z,,e1908309e127469eb21010bbcccf9663,Yes
spotify:track:6etwirSInfuJrSOlogS6Sh,American Boy,Shine,"Estelle, Kanye West",a3856ee1b4bc4ac6acc97e4c1f52f370,2026-07-12T13:07:08Z,,e1908309e127469eb21010bbcccf9663,No
spotify:track:6tS3XVuOyu10897O3ae7bi,California Gurls,Teenage Dream: The Complete Confection,"Katy Perry, Snoop Dogg",638bece9d51043468d065ac30af784f2,2026-07-12T23:38:12Z,,e1908309e127469eb21010bbcccf9663,No
spotify:track:6xE6ZWzK1YDDSYzqOCoQlz,Last Train to London,Discovery,Electric Light Orchestra,b7501cd252ff45a1bf113b6865434a09,2026-07-12T07:39:12Z,,e1908309e127469eb21010bbcccf9663,Yes
spotify:track:0eBFgRxyVSeuT4iyrbukdn,Where the Wild Things Are,Gettin' Old,Luke Combs,3d1b93dc4aef4e1aa8d20e8e903a52cc,2026-07-18T16:03:32Z,,c399268c99464fa3b62163792d202408,No
spotify:track:0kosUz0jePvjiz4ctmR6wL,Dai Dai,Dai Dai,"Shakira, Burna Boy",95f0f3d2f6e84e54b527a9847c90935c,2026-07-20T10:50:51Z,,c399268c99464fa3b62163792d202408,Yes
spotify:track:1OAMZ1AV5y6DHI5kzP0L3V,Good For Me,Good For Me,The Paradox,8fc1dc71014e405da1c76d2fc096a6d6,2026-07-17T15:58:26Z,"Loving the resurgence of early 2000s punk rock, keep it coming!",c399268c99464fa3b62163792d202408,Yes
spotify:track:1OisyDHy5LRaH7UN7umfyI,Rockstar Sea Shanty,Rockstar Sea Shanty,"Nickelback, The Lottery Winners",ebb25a7b909a431dbc2f15552c35dd26,2026-07-17T13:00:54Z,,c399268c99464fa3b62163792d202408,No
spotify:track:2IlT65thKQQw248mhk2PjQ,JACKIE BROWN,WASTELAND,Brent Faiyaz,638bece9d51043468d065ac30af784f2,2026-07-17T16:32:19Z,,c399268c99464fa3b62163792d202408,No
spotify:track:3U5JVgI2x4rDyHGObzJfNf,Unwritten,Unwritten,Natasha Bedingfield,b7501cd252ff45a1bf113b6865434a09,2026-07-17T14:15:10Z,,c399268c99464fa3b62163792d202408,Yes
spotify:track:3zp3Mq8krAb1067UL94zJq,BE YOUR GIRL - KAYTRANADA REMIX,BE YOUR GIRL (KAYTRANADA REMIX),"Teedra Moses, KAYTRANADA",a3856ee1b4bc4ac6acc97e4c1f52f370,2026-07-19T14:00:44Z,,c399268c99464fa3b62163792d202408,No
spotify:track:4fxF8ljwryMZX5c9EKrLFE,Boombastic,Boombastic,Shaggy,7b91d7e5ed6d4471b9e7f7be669593c5,2026-07-17T13:13:37Z,,c399268c99464fa3b62163792d202408,Yes
spotify:track:5avQSAKB1dOEeIQBqV4jgW,Until The End Of Time,Until The End Of Time,"2Pac, R.L. Hugger, Samuel J. ""Tone"" Barnes",5b73825c50154f5faf5593b9b85e2ff1,2026-07-17T13:15:54Z,,c399268c99464fa3b62163792d202408,Yes
spotify:track:5RKQ5NdjSh2QzD4MaunT91,Don't Stop Believin' (2022 Remaster),Escape (2022 Remaster),Journey,b283b84b47b14942b2dc114115d20741,2026-07-17T14:57:15Z,,c399268c99464fa3b62163792d202408,No
spotify:track:5T7ZFtCcOgkpjxcuaeZbw0,Best Song Ever,Midnight Memories (Deluxe),One Direction,2f9cdeb16a7f487c8bf4a6ed6b08ae38,2026-07-17T13:19:19Z,,c399268c99464fa3b62163792d202408,No
spotify:track:6CGMZijOAZvTXG21T8t6R0,Innerbloom,Bloom,RÜFÜS DU SOL,43625de5909c488b967f4bd2380dd2bb,2026-07-20T09:20:50Z,,c399268c99464fa3b62163792d202408,No
spotify:track:79pT7sUpGnVQqjvlwM9sq8,I Love Life (feat. RANI),I Love Life (feat. RANI),"Bakermat, RANI",968eab982ccd4fe8bc90c17599c4d2d4,2026-07-20T11:49:30Z,,c399268c99464fa3b62163792d202408,No
