Spotify URI,Voter ID,Created,Points Assigned,Comment,Round ID
spotify:track:1hGy2eLcmC8eKx7qr1tOqx,7b91d7e5ed6d4471b9e7f7be669593c5,2026-05-18T12:28:59Z,1,,b55b4d5632b246c681870404cc4dab4c
spotify:track:3UmaczJpikHgJFyBTAJVoz,7b91d7e5ed6d4471b9e7f7be669593c5,2026-05-18T12:28:59Z,2,,b55b4d5632b246c681870404cc4dab4c
spotify:track:4PmMVdIFpJTB9WQbmILf4p,7b91d7e5ed6d4471b9e7f7be669593c5,2026-05-18T12:28:59Z,3,,b55b4d5632b246c681870404cc4dab4c
spotify:track:2PpruBYCo4H7WOBJ7Q2EwM,fbef2f7c4beb40d7ad6ff55489359b2f,2026-05-18T12:43:35Z,2,,b55b4d5632b246c681870404cc4dab4c
spotify:track:2TfSHkHiFO4gRztVIkggkE,fbef2f7c4beb40d7ad6ff55489359b2f,2026-05-18T12:43:35Z,1,,b55b4d5632b246c681870404cc4dab4c
spotify:track:3FtYbEfBqAlGO46NUDQSAt,fbef2f7c4beb40d7ad6ff55489359b2f,2026-05-18T12:43:35Z,3,,b55b4d5632b246c681870404cc4dab4c
spotify:track:2PpruBYCo4H7WOBJ7Q2EwM,4c465028af754893b92b9f999383bd42,2026-05-18T13:08:10Z,1,,b55b4d5632b246c681870404cc4dab4c
spotify:track:3FtYbEfBqAlGO46NUDQSAt,4c465028af754893b92b9f999383bd42,2026-05-18T13:08:10Z,1,,b55b4d5632b246c681870404cc4dab4c
spotify:track:3UmaczJpikHgJFyBTAJVoz,4c465028af754893b92b9f999383bd42,2026-05-18T13:08:10Z,1,,b55b4d5632b246c681870404cc4dab4c
spotify:track:5GorCbAP4aL0EJ16frG2hd,4c465028af754893b92b9f999383bd42,2026-05-18T13:08:10Z,3,,b55b4d5632b246c681870404cc4dab4c
spotify:track:18vdhCWxqPohnPwicDi3Xr,6fdaac9000ff4741bfbde8fee25272be,2026-05-18T14:24:07Z,3,,b55b4d5632b246c681870404cc4dab4c
spotify:track:6bK9BH9Ts8Gj5JFvnQkzak,6fdaac9000ff4741bfbde8fee25272be,2026-05-18T14:24:07Z,1,,b55b4d5632b246c681870404cc4dab4c
spotify:track:7iL6o9tox1zgHpKUfh9vuC,6fdaac9000ff4741bfbde8fee25272be,2026-05-18T14:24:07Z,2,,b55b4d5632b246c681870404cc4dab4c
spotify:track:0ByMNEPAPpOR5H69DVrTNy,43625de5909c488b967f4bd2380dd2bb,2026-05-18T14:37:21Z,1,,b55b4d5632b246c681870404cc4dab4c
spotify:track:2PpruBYCo4H7WOBJ7Q2EwM,43625de5909c488b967f4bd2380dd2bb,2026-05-18T14:37:21Z,1,,b55b4d5632b246c681870404cc4dab4c
spotify:track:3aw9iWUQ3VrPQltgwvN9Xu,43625de5909c488b967f4bd2380dd2bb,2026-05-18T14:37:21Z,1,,b55b4d5632b246c681870404cc4dab4c
spotify:track:3NZJlJemX3mzjf56MqC5ML,43625de5909c488b967f4bd2380dd2bb,2026-05-18T14:37:21Z,1,,b55b4d5632b246c681870404cc4dab4c
spotify:track:5rb9QrpfcKFHM1EUbSIurX,43625de5909c488b967f4bd2380dd2bb,2026-05-18T14:37:21Z,1,,b55b4d5632b246c681870404cc4dab4c
spotify:track:6bK9BH9Ts8Gj5JFvnQkzak,43625de5909c488b967f4bd2380dd2bb,2026-05-18T14:37:21Z,1,,b55b4d5632b246c681870404cc4dab4c
spotify:track:0ByMNEPAPpOR5H69DVrTNy,638bece9d51043468d065ac30af784f2,2026-05-18T22:59:33Z,2,,b55b4d5632b246c681870404cc4dab4c
spotify:track:3aw9iWUQ3VrPQltgwvN9Xu,638bece9d51043468d065ac30af784f2,2026-05-18T22:59:33Z,3,,b55b4d5632b246c681870404cc4dab4c
spotify:track:7iL6o9tox1zgHpKUfh9vuC,638bece9d51043468d065ac30af784f2,2026-05-18T22:59:33Z,1,,b55b4d5632b246c681870404cc4dab4c
spotify:track:023lag1AgeOf7YChojecRu,2f9cdeb16a7f487c8bf4a6ed6b08ae38,2026-05-19T09:33:17Z,1,,b55b4d5632b246c681870404cc4dab4c
spotify:track:1hGy2eLcmC8eKx7qr1tOqx,2f9cdeb16a7f487c8bf4a6ed6b08ae38,2026-05-19T09:33:17Z,1,,b55b4d5632b246c681870404cc4dab4c
spotify:track:2TfSHkHiFO4gRztVIkggkE,2f9cdeb16a7f487c8bf4a6ed6b08ae38,2026-05-19T09:33:17Z,1,,b55b4d5632b246c681870404cc4dab4c
spotify:track:3d0WouFnFmr0K3kjeza3fF,2f9cdeb16a7f487c8bf4a6ed6b08ae38,2026-05-19T09:33:17Z,1,,b55b4d5632b246c681870404cc4dab4c
spotify:track:3NZJlJemX3mzjf56MqC5ML,2f9cdeb16a7f487c8bf4a6ed6b08ae38,2026-05-19T09:33:17Z,1,,b55b4d5632b246c681870404cc4dab4c
spotify:track:6JY1IdkZGeIcPegKxjSKeb,2f9cdeb16a7f487c8bf4a6ed6b08ae38,2026-05-19T09:33:17Z,1,,b55b4d5632b246c681870404cc4dab4c
spotify:track:0ByMNEPAPpOR5H69DVrTNy,95f0f3d2f6e84e54b527a9847c90935c,2026-05-19T16:49:38Z,2,,b55b4d5632b246c681870404cc4dab4c
spotify:track:1hGy2eLcmC8eKx7qr1tOqx,95f0f3d2f6e84e54b527a9847c90935c,2026-05-19T16:49:38Z,3,,b55b4d5632b246c681870404cc4dab4c
spotify:track:7iL6o9tox1zgHpKUfh9vuC,95f0f3d2f6e84e54b527a9847c90935c,2026-05-19T16:49:38Z,1,,b55b4d5632b246c681870404cc4dab4c
spotify:track:023lag1AgeOf7YChojecRu,0406a844f485406d9a23983096f7d39f,2026-05-19T17:11:37Z,1,,b55b4d5632b246c681870404cc4dab4c
spotify:track:1IqANTbvKLojRoomq685LA,0406a844f485406d9a23983096f7d39f,2026-05-19T17:11:37Z,1,,b55b4d5632b246c681870404cc4dab4c
spotify:track:2TfSHkHiFO4gRztVIkggkE,0406a844f485406d9a23983096f7d39f,2026-05-19T17:11:37Z,1,,b55b4d5632b246c681870404cc4dab4c
spotify:track:5rb9QrpfcKFHM1EUbSIurX,0406a844f485406d9a23983096f7d39f,2026-05-19T17:11:37Z,1,,b55b4d5632b246c681870404cc4dab4c
spotify:track:6bK9BH9Ts8Gj5JFvnQkzak,0406a844f485406d9a23983096f7d39f,2026-05-19T17:11:37Z,1,,b55b4d5632b246c681870404cc4dab4c
spotify:track:7iL6o9tox1zgHpKUfh9vuC,0406a844f485406d9a23983096f7d39f,2026-05-19T17:11:37Z,1,,b55b4d5632b246c681870404cc4dab4c
spotify:track:023lag1AgeOf7YChojecRu,4c11ed2e1d2840829a8c25e34c8b7892,2026-05-20T16:30:49Z,1,,b55b4d5632b246c681870404cc4dab4c
spotify:track:18vdhCWxqPohnPwicDi3Xr,4c11ed2e1d2840829a8c25e34c8b7892,2026-05-20T16:30:49Z,1,,b55b4d5632b246c681870404cc4dab4c
spotify:track:2PpruBYCo4H7WOBJ7Q2EwM,4c11ed2e1d2840829a8c25e34c8b7892,2026-05-20T16:30:49Z,1,,b55b4d5632b246c681870404cc4dab4c
spotify:track:3d0WouFnFmr0K3kjeza3fF,4c11ed2e1d2840829a8c25e34c8b7892,2026-05-20T16:30:49Z,1,,b55b4d5632b246c681870404cc4dab4c
spotify:track:5A1FmxbYVRZKy4nc16MAue,4c11ed2e1d2840829a8c25e34c8b7892,2026-05-20T16:30:49Z,1,,b55b4d5632b246c681870404cc4dab4c
spotify:track:5rb9QrpfcKFHM1EUbSIurX,4c11ed2e1d2840829a8c25e34c8b7892,2026-05-20T16:30:49Z,1,,b55b4d5632b246c681870404cc4dab4c
spotify:track:18vdhCWxqPohnPwicDi3Xr,968eab982ccd4fe8bc90c17599c4d2d4,2026-05-20T19:05:53Z,1,,b55b4d5632b246c681870404cc4dab4c
spotify:track:3WkibOpDF7cQ5xntM1epyf,968eab982ccd4fe8bc90c17599c4d2d4,2026-05-20T19:05:53Z,1,,b55b4d5632b246c681870404cc4dab4c
spotify:track:4PmMVdIFpJTB9WQbmILf4p,968eab982ccd4fe8bc90c17599c4d2d4,2026-05-20T19:05:53Z,1,,b55b4d5632b246c681870404cc4dab4c
spotify:track:5GorCbAP4aL0EJ16frG2hd,968eab982ccd4fe8bc90c17599c4d2d4,2026-05-20T19:05:53Z,1,,b55b4d5632b246c681870404cc4dab4c
spotify:track:5rb9QrpfcKFHM1EUbSIurX,968eab982ccd4fe8bc90c17599c4d2d4,2026-05-20T19:05:53Z,1,,b55b4d5632b246c681870404cc4dab4c
spotify:track:7iL6o9tox1zgHpKUfh9vuC,968eab982ccd4fe8bc90c17599c4d2d4,2026-05-20T19:05:53Z,1,,b55b4d5632b246c681870404cc4dab4c
spotify:track:023lag1AgeOf7YChojecRu,441377a4cd194279803e5145568346ed,2026-05-20T19:21:46Z,1,,b55b4d5632b246c681870404cc4dab4c
spotify:track:1IqANTbvKLojRoomq685LA,441377a4cd194279803e5145568346ed,2026-05-20T19:21:46Z,1,,b55b4d5632b246c681870404cc4dab4c
spotify:track:2PpruBYCo4H7WOBJ7Q2EwM,441377a4cd194279803e5145568346ed,2026-05-20T19:21:46Z,1,,b55b4d5632b246c681870404cc4dab4c
spotify:track:4PmMVdIFpJTB9WQbmILf4p,441377a4cd194279803e5145568346ed,2026-05-20T19:21:46Z,1,,b55b4d5632b246c681870404cc4dab4c
spotify:track:6bK9BH9Ts8Gj5JFvnQkzak,441377a4cd194279803e5145568346ed,2026-05-20T19:21:46Z,1,,b55b4d5632b246c681870404cc4dab4c
spotify:track:6naxalmIoLFWR0siv8dnQQ,441377a4cd194279803e5145568346ed,2026-05-20T19:21:46Z,1,,b55b4d5632b246c681870404cc4dab4c
spotify:track:0ByMNEPAPpOR5H69DVrTNy,5fbb8ebfab034a5ea003d35bfaf1a59d,2026-05-20T21:05:32Z,2,,b55b4d5632b246c681870404cc4dab4c
spotify:track:5rb9QrpfcKFHM1EUbSIurX,5fbb8ebfab034a5ea003d35bfaf1a59d,2026-05-20T21:05:32Z,1,,b55b4d5632b246c681870404cc4dab4c
spotify:track:6JY1IdkZGeIcPegKxjSKeb,5fbb8ebfab034a5ea003d35bfaf1a59d,2026-05-20T21:05:32Z,3,,b55b4d5632b246c681870404cc4dab4c
spotify:track:2TfSHkHiFO4gRztVIkggkE,ebb25a7b909a431dbc2f15552c35dd26,2026-05-20T21:50:56Z,3,,b55b4d5632b246c681870404cc4dab4c
spotify:track:45hOioMDJktr86iKDHC8gr,ebb25a7b909a431dbc2f15552c35dd26,2026-05-20T21:50:56Z,2,,b55b4d5632b246c681870404cc4dab4c
spotify:track:4r8lRYnoOGdEi6YyI5OC1o,ebb25a7b909a431dbc2f15552c35dd26,2026-05-20T21:50:56Z,1,,b55b4d5632b246c681870404cc4dab4c
spotify:track:3aw9iWUQ3VrPQltgwvN9Xu,a3856ee1b4bc4ac6acc97e4c1f52f370,2026-05-21T06:50:53Z,1,,b55b4d5632b246c681870404cc4dab4c
spotify:track:3UmaczJpikHgJFyBTAJVoz,a3856ee1b4bc4ac6acc97e4c1f52f370,2026-05-21T06:50:53Z,2,,b55b4d5632b246c681870404cc4dab4c
spotify:track:5GorCbAP4aL0EJ16frG2hd,a3856ee1b4bc4ac6acc97e4c1f52f370,2026-05-21T06:50:53Z,1,,b55b4d5632b246c681870404cc4dab4c
spotify:track:6bK9BH9Ts8Gj5JFvnQkzak,a3856ee1b4bc4ac6acc97e4c1f52f370,2026-05-21T06:50:53Z,1,,b55b4d5632b246c681870404cc4dab4c
spotify:track:7iL6o9tox1zgHpKUfh9vuC,a3856ee1b4bc4ac6acc97e4c1f52f370,2026-05-21T06:50:53Z,1,,b55b4d5632b246c681870404cc4dab4c
spotify:track:2PpruBYCo4H7WOBJ7Q2EwM,65f3353a17ee4d3093d42837d3a84e21,2026-05-21T09:43:56Z,3,,b55b4d5632b246c681870404cc4dab4c
spotify:track:3aw9iWUQ3VrPQltgwvN9Xu,65f3353a17ee4d3093d42837d3a84e21,2026-05-21T09:43:56Z,2,,b55b4d5632b246c681870404cc4dab4c
spotify:track:6naxalmIoLFWR0siv8dnQQ,65f3353a17ee4d3093d42837d3a84e21,2026-05-21T09:43:56Z,1,,b55b4d5632b246c681870404cc4dab4c
spotify:track:3d0WouFnFmr0K3kjeza3fF,b283b84b47b14942b2dc114115d20741,2026-05-21T12:05:48Z,1,,b55b4d5632b246c681870404cc4dab4c
spotify:track:3WkibOpDF7cQ5xntM1epyf,b283b84b47b14942b2dc114115d20741,2026-05-21T12:05:48Z,2,,b55b4d5632b246c681870404cc4dab4c
spotify:track:5A1FmxbYVRZKy4nc16MAue,b283b84b47b14942b2dc114115d20741,2026-05-21T12:05:48Z,1,,b55b4d5632b246c681870404cc4dab4c
spotify:track:5GorCbAP4aL0EJ16frG2hd,b283b84b47b14942b2dc114115d20741,2026-05-21T12:05:48Z,1,,b55b4d5632b246c681870404cc4dab4c
spotify:track:6naxalmIoLFWR0siv8dnQQ,b283b84b47b14942b2dc114115d20741,2026-05-21T12:05:48Z,1,,b55b4d5632b246c681870404cc4dab4c
spotify:track:18vdhCWxqPohnPwicDi3Xr,b7501cd252ff45a1bf113b6865434a09,2026-05-21T12:22:52Z,1,,b55b4d5632b246c681870404cc4dab4c
spotify:track:3d0WouFnFmr0K3kjeza3fF,b7501cd252ff45a1bf113b6865434a09,2026-05-21T12:22:52Z,1,,b55b4d5632b246c681870404cc4dab4c
spotify:track:3UmaczJpikHgJFyBTAJVoz,b7501cd252ff45a1bf113b6865434a09,2026-05-21T12:22:52Z,1,,b55b4d5632b246c681870404cc4dab4c
spotify:track:3WkibOpDF7cQ5xntM1epyf,b7501cd252ff45a1bf113b6865434a09,2026-05-21T12:22:52Z,1,,b55b4d5632b246c681870404cc4dab4c
spotify:track:6naxalmIoLFWR0siv8dnQQ,b7501cd252ff45a1bf113b6865434a09,2026-05-21T12:22:52Z,2,,b55b4d5632b246c681870404cc4dab4c
spotify:track:18vdhCWxqPohnPwicDi3Xr,5b73825c50154f5faf5593b9b85e2ff1,2026-05-21T12:38:18Z,2,,b55b4d5632b246c681870404cc4dab4c
spotify:track:3UmaczJpikHgJFyBTAJVoz,5b73825c50154f5faf5593b9b85e2ff1,2026-05-21T12:38:18Z,1,,b55b4d5632b246c681870404cc4dab4c
spotify:track:5A1FmxbYVRZKy4nc16MAue,5b73825c50154f5faf5593b9b85e2ff1,2026-05-21T12:38:18Z,2,,b55b4d5632b246c681870404cc4dab4c
spotify:track:5GorCbAP4aL0EJ16frG2hd,5b73825c50154f5faf5593b9b85e2ff1,2026-05-21T12:38:18Z,1,,b55b4d5632b246c681870404cc4dab4c
spotify:track:0ByMNEPAPpOR5H69DVrTNy,8fc1dc71014e405da1c76d2fc096a6d6,2026-05-21T19:31:00Z,2,,b55b4d5632b246c681870404cc4dab4c
spotify:track:2PpruBYCo4H7WOBJ7Q2EwM,8fc1dc71014e405da1c76d2fc096a6d6,2026-05-21T19:31:00Z,1,,b55b4d5632b246c681870404cc4dab4c
spotify:track:2TfSHkHiFO4gRztVIkggkE,8fc1dc71014e405da1c76d2fc096a6d6,2026-05-21T19:31:00Z,1,,b55b4d5632b246c681870404cc4dab4c
spotify:track:3FtYbEfBqAlGO46NUDQSAt,8fc1dc71014e405da1c76d2fc096a6d6,2026-05-21T19:31:00Z,1,,b55b4d5632b246c681870404cc4dab4c
spotify:track:6JY1IdkZGeIcPegKxjSKeb,8fc1dc71014e405da1c76d2fc096a6d6,2026-05-21T19:31:00Z,1,,b55b4d5632b246c681870404cc4dab4c
spotify:track:3d0WouFnFmr0K3kjeza3fF,9bb5de166c84417f9eac1ab83cde51a3,2026-05-22T10:32:16Z,1,,b55b4d5632b246c681870404cc4dab4c
spotify:track:45hOioMDJktr86iKDHC8gr,9bb5de166c84417f9eac1ab83cde51a3,2026-05-22T10:32:16Z,2,,b55b4d5632b246c681870404cc4dab4c
spotify:track:6JY1IdkZGeIcPegKxjSKeb,9bb5de166c84417f9eac1ab83cde51a3,2026-05-22T10:32:16Z,3,,b55b4d5632b246c681870404cc4dab4c
spotify:track:303ccTay2FiDTZ9fZ2AdBt,7b91d7e5ed6d4471b9e7f7be669593c5,2026-05-26T08:18:12Z,3,,433ee22df41349cdbc041591ffcc0428
spotify:track:6bOLRTULQUiXeVnxOIPZVA,7b91d7e5ed6d4471b9e7f7be669593c5,2026-05-26T08:18:12Z,1,,433ee22df41349cdbc041591ffcc0428
spotify:track:3YgtkOxZsTuaZdL8McA1FQ,7b91d7e5ed6d4471b9e7f7be669593c5,2026-05-26T08:18:12Z,2,,433ee22df41349cdbc041591ffcc0428
spotify:track:6NIJqFHB5cHAn064JCP7Li,b7501cd252ff45a1bf113b6865434a09,2026-05-27T14:26:54Z,2,,433ee22df41349cdbc041591ffcc0428
spotify:track:23RoR84KodL5HWvUTneQ1w,b7501cd252ff45a1bf113b6865434a09,2026-05-27T14:26:54Z,1,,433ee22df41349cdbc041591ffcc0428
spotify:track:3cZajhyr8LmtPfHZ9296tj,b7501cd252ff45a1bf113b6865434a09,2026-05-27T14:26:54Z,1,,433ee22df41349cdbc041591ffcc0428
spotify:track:6bOLRTULQUiXeVnxOIPZVA,b7501cd252ff45a1bf113b6865434a09,2026-05-27T14:26:54Z,2,,433ee22df41349cdbc041591ffcc0428
spotify:track:6SvlfrQYzUsW5UQUpUpy26,8fc1dc71014e405da1c76d2fc096a6d6,2026-05-27T17:59:17Z,2,"Hell yeah Eurovision winner, songs a bop",433ee22df41349cdbc041591ffcc0428
spotify:track:6NIJqFHB5cHAn064JCP7Li,8fc1dc71014e405da1c76d2fc096a6d6,2026-05-27T17:59:17Z,1,"Yeah enjoyed this track, take a point",433ee22df41349cdbc041591ffcc0428
spotify:track:4Z3F8VnLHzcIRNDRRJmr8P,8fc1dc71014e405da1c76d2fc096a6d6,2026-05-27T17:59:17Z,3,"Lovely track, would love to dance to this at a beach bar somewhere in Southern Europe.",433ee22df41349cdbc041591ffcc0428
spotify:track:2Tk5B1h58lJRsrivGg1jaE,4c11ed2e1d2840829a8c25e34c8b7892,2026-05-27T21:02:58Z,1,,433ee22df41349cdbc041591ffcc0428
spotify:track:1HFfMOxCAT4GAwaPfCdmUs,4c11ed2e1d2840829a8c25e34c8b7892,2026-05-27T21:02:58Z,1,,433ee22df41349cdbc041591ffcc0428
spotify:track:0nrRP2bk19rLc0orkWPQk2,4c11ed2e1d2840829a8c25e34c8b7892,2026-05-27T21:02:58Z,1,,433ee22df41349cdbc041591ffcc0428
spotify:track:6TyXieyAu2z51H6VMPKRI4,4c11ed2e1d2840829a8c25e34c8b7892,2026-05-27T21:02:58Z,1,,433ee22df41349cdbc041591ffcc0428
spotify:track:3YgtkOxZsTuaZdL8McA1FQ,4c11ed2e1d2840829a8c25e34c8b7892,2026-05-27T21:02:58Z,1,,433ee22df41349cdbc041591ffcc0428
spotify:track:303ccTay2FiDTZ9fZ2AdBt,4c11ed2e1d2840829a8c25e34c8b7892,2026-05-27T21:02:58Z,1,,433ee22df41349cdbc041591ffcc0428
spotify:track:6NIJqFHB5cHAn064JCP7Li,5fbb8ebfab034a5ea003d35bfaf1a59d,2026-05-28T06:45:14Z,2,,433ee22df41349cdbc041591ffcc0428
spotify:track:3cZajhyr8LmtPfHZ9296tj,5fbb8ebfab034a5ea003d35bfaf1a59d,2026-05-28T06:45:14Z,1,,433ee22df41349cdbc041591ffcc0428
spotify:track:1HFfMOxCAT4GAwaPfCdmUs,5fbb8ebfab034a5ea003d35bfaf1a59d,2026-05-28T06:45:14Z,3,,433ee22df41349cdbc041591ffcc0428
spotify:track:3zkv8ciY9SWH1YgMKRARsr,638bece9d51043468d065ac30af784f2,2026-05-28T06:52:13Z,3,,433ee22df41349cdbc041591ffcc0428
spotify:track:6bOLRTULQUiXeVnxOIPZVA,638bece9d51043468d065ac30af784f2,2026-05-28T06:52:13Z,2,,433ee22df41349cdbc041591ffcc0428
spotify:track:7iAqvWLgZzXvH38lA06QZg,638bece9d51043468d065ac30af784f2,2026-05-28T06:52:13Z,1,,433ee22df41349cdbc041591ffcc0428
spotify:track:3cZajhyr8LmtPfHZ9296tj,441377a4cd194279803e5145568346ed,2026-05-28T06:58:42Z,1,,433ee22df41349cdbc041591ffcc0428
spotify:track:6NIJqFHB5cHAn064JCP7Li,441377a4cd194279803e5145568346ed,2026-05-28T06:58:42Z,3,,433ee22df41349cdbc041591ffcc0428
spotify:track:3YgtkOxZsTuaZdL8McA1FQ,441377a4cd194279803e5145568346ed,2026-05-28T06:58:42Z,2,,433ee22df41349cdbc041591ffcc0428
spotify:track:3YgtkOxZsTuaZdL8McA1FQ,65f3353a17ee4d3093d42837d3a84e21,2026-05-28T08:06:49Z,3,,433ee22df41349cdbc041591ffcc0428
spotify:track:6NIJqFHB5cHAn064JCP7Li,65f3353a17ee4d3093d42837d3a84e21,2026-05-28T08:06:49Z,2,,433ee22df41349cdbc041591ffcc0428
spotify:track:23RoR84KodL5HWvUTneQ1w,65f3353a17ee4d3093d42837d3a84e21,2026-05-28T08:06:49Z,1,,433ee22df41349cdbc041591ffcc0428
spotify:track:7iAqvWLgZzXvH38lA06QZg,9bb5de166c84417f9eac1ab83cde51a3,2026-05-28T11:40:00Z,2,,433ee22df41349cdbc041591ffcc0428
spotify:track:7vvRkLPIvfjjmCIqNxBuEZ,9bb5de166c84417f9eac1ab83cde51a3,2026-05-28T11:40:00Z,1,,433ee22df41349cdbc041591ffcc0428
spotify:track:0nrRP2bk19rLc0orkWPQk2,9bb5de166c84417f9eac1ab83cde51a3,2026-05-28T11:40:00Z,3,,433ee22df41349cdbc041591ffcc0428
spotify:track:1HFfMOxCAT4GAwaPfCdmUs,a3856ee1b4bc4ac6acc97e4c1f52f370,2026-05-28T13:05:25Z,1,,433ee22df41349cdbc041591ffcc0428
spotify:track:23RoR84KodL5HWvUTneQ1w,a3856ee1b4bc4ac6acc97e4c1f52f370,2026-05-28T13:05:25Z,2,,433ee22df41349cdbc041591ffcc0428
spotify:track:6Qi0Wls2EaolwPMPMxfe5f,a3856ee1b4bc4ac6acc97e4c1f52f370,2026-05-28T13:05:25Z,1,,433ee22df41349cdbc041591ffcc0428
spotify:track:0nrRP2bk19rLc0orkWPQk2,a3856ee1b4bc4ac6acc97e4c1f52f370,2026-05-28T13:05:25Z,2,,433ee22df41349cdbc041591ffcc0428
spotify:track:23RoR84KodL5HWvUTneQ1w,2f9cdeb16a7f487c8bf4a6ed6b08ae38,2026-05-28T13:27:41Z,1,,433ee22df41349cdbc041591ffcc0428
spotify:track:3cZajhyr8LmtPfHZ9296tj,2f9cdeb16a7f487c8bf4a6ed6b08ae38,2026-05-28T13:27:41Z,2,,433ee22df41349cdbc041591ffcc0428
spotify:track:3YgtkOxZsTuaZdL8McA1FQ,2f9cdeb16a7f487c8bf4a6ed6b08ae38,2026-05-28T13:27:41Z,2,,433ee22df41349cdbc041591ffcc0428
spotify:track:1HFfMOxCAT4GAwaPfCdmUs,2f9cdeb16a7f487c8bf4a6ed6b08ae38,2026-05-28T13:27:41Z,1,,433ee22df41349cdbc041591ffcc0428
spotify:track:0nrRP2bk19rLc0orkWPQk2,43625de5909c488b967f4bd2380dd2bb,2026-05-28T13:54:31Z,1,,433ee22df41349cdbc041591ffcc0428
spotify:track:23RoR84KodL5HWvUTneQ1w,43625de5909c488b967f4bd2380dd2bb,2026-05-28T13:54:31Z,1,,433ee22df41349cdbc041591ffcc0428
spotify:track:303ccTay2FiDTZ9fZ2AdBt,43625de5909c488b967f4bd2380dd2bb,2026-05-28T13:54:31Z,1,,433ee22df41349cdbc041591ffcc0428
spotify:track:3cZajhyr8LmtPfHZ9296tj,43625de5909c488b967f4bd2380dd2bb,2026-05-28T13:54:31Z,1,,433ee22df41349cdbc041591ffcc0428
spotify:track:6bOLRTULQUiXeVnxOIPZVA,43625de5909c488b967f4bd2380dd2bb,2026-05-28T13:54:31Z,1,,433ee22df41349cdbc041591ffcc0428
spotify:track:6Qi0Wls2EaolwPMPMxfe5f,43625de5909c488b967f4bd2380dd2bb,2026-05-28T13:54:31Z,1,,433ee22df41349cdbc041591ffcc0428
spotify:track:0nrRP2bk19rLc0orkWPQk2,95f0f3d2f6e84e54b527a9847c90935c,2026-05-28T15:29:11Z,1,,433ee22df41349cdbc041591ffcc0428
spotify:track:2Tk5B1h58lJRsrivGg1jaE,95f0f3d2f6e84e54b527a9847c90935c,2026-05-28T15:29:11Z,2,,433ee22df41349cdbc041591ffcc0428
spotify:track:6TyXieyAu2z51H6VMPKRI4,95f0f3d2f6e84e54b527a9847c90935c,2026-05-28T15:29:11Z,3,,433ee22df41349cdbc041591ffcc0428
spotify:track:6SvlfrQYzUsW5UQUpUpy26,ebb25a7b909a431dbc2f15552c35dd26,2026-05-29T09:14:07Z,2,,433ee22df41349cdbc041591ffcc0428
spotify:track:7iAqvWLgZzXvH38lA06QZg,ebb25a7b909a431dbc2f15552c35dd26,2026-05-29T09:14:07Z,1,,433ee22df41349cdbc041591ffcc0428
spotify:track:6TyXieyAu2z51H6VMPKRI4,ebb25a7b909a431dbc2f15552c35dd26,2026-05-29T09:14:07Z,3,,433ee22df41349cdbc041591ffcc0428
spotify:track:23RoR84KodL5HWvUTneQ1w,b283b84b47b14942b2dc114115d20741,2026-05-29T09:21:53Z,1,,433ee22df41349cdbc041591ffcc0428
spotify:track:0nrRP2bk19rLc0orkWPQk2,b283b84b47b14942b2dc114115d20741,2026-05-29T09:21:53Z,3,,433ee22df41349cdbc041591ffcc0428
spotify:track:6TyXieyAu2z51H6VMPKRI4,b283b84b47b14942b2dc114115d20741,2026-05-29T09:21:53Z,1,,433ee22df41349cdbc041591ffcc0428
spotify:track:2Tk5B1h58lJRsrivGg1jaE,b283b84b47b14942b2dc114115d20741,2026-05-29T09:21:53Z,1,,433ee22df41349cdbc041591ffcc0428
spotify:track:6NIJqFHB5cHAn064JCP7Li,5b73825c50154f5faf5593b9b85e2ff1,2026-05-29T09:58:53Z,1,,433ee22df41349cdbc041591ffcc0428
spotify:track:2Tk5B1h58lJRsrivGg1jaE,5b73825c50154f5faf5593b9b85e2ff1,2026-05-29T09:58:53Z,1,,433ee22df41349cdbc041591ffcc0428
spotify:track:23RoR84KodL5HWvUTneQ1w,5b73825c50154f5faf5593b9b85e2ff1,2026-05-29T09:58:53Z,1,,433ee22df41349cdbc041591ffcc0428
spotify:track:1HFfMOxCAT4GAwaPfCdmUs,5b73825c50154f5faf5593b9b85e2ff1,2026-05-29T09:58:53Z,2,,433ee22df41349cdbc041591ffcc0428
spotify:track:3YgtkOxZsTuaZdL8McA1FQ,5b73825c50154f5faf5593b9b85e2ff1,2026-05-29T09:58:53Z,1,,433ee22df41349cdbc041591ffcc0428
spotify:track:6U7GUjtamt2P0LcFod1dBT,4c465028af754893b92b9f999383bd42,2026-05-29T10:09:48Z,2,,433ee22df41349cdbc041591ffcc0428
spotify:track:6Qi0Wls2EaolwPMPMxfe5f,4c465028af754893b92b9f999383bd42,2026-05-29T10:09:48Z,1,,433ee22df41349cdbc041591ffcc0428
spotify:track:1HFfMOxCAT4GAwaPfCdmUs,4c465028af754893b92b9f999383bd42,2026-05-29T10:09:48Z,1,,433ee22df41349cdbc041591ffcc0428
spotify:track:7vvRkLPIvfjjmCIqNxBuEZ,4c465028af754893b92b9f999383bd42,2026-05-29T10:09:48Z,2,,433ee22df41349cdbc041591ffcc0428
spotify:track:63Tl9k1sH8tznn3bqoMuyF,43625de5909c488b967f4bd2380dd2bb,2026-06-01T12:24:47Z,2,,36ab7f6b32ea4d23b8a8c95a0c34c16e
spotify:track:18AXbzPzBS8Y3AkgSxzJPb,43625de5909c488b967f4bd2380dd2bb,2026-06-01T12:24:47Z,3,,36ab7f6b32ea4d23b8a8c95a0c34c16e
spotify:track:58jx3tTuDuzHysC77c0AQd,43625de5909c488b967f4bd2380dd2bb,2026-06-01T12:24:47Z,1,,36ab7f6b32ea4d23b8a8c95a0c34c16e
spotify:track:0rgyUTQgZ0XQCRHm4qKRB0,7b91d7e5ed6d4471b9e7f7be669593c5,2026-06-01T12:57:35Z,3,,36ab7f6b32ea4d23b8a8c95a0c34c16e
spotify:track:4l2ljvyXOCVNbD5ff7NpM7,7b91d7e5ed6d4471b9e7f7be669593c5,2026-06-01T12:57:35Z,2,,36ab7f6b32ea4d23b8a8c95a0c34c16e
spotify:track:0boS4e6uXwp3zAvz1mLxZS,7b91d7e5ed6d4471b9e7f7be669593c5,2026-06-01T12:57:35Z,1,,36ab7f6b32ea4d23b8a8c95a0c34c16e
spotify:track:0boS4e6uXwp3zAvz1mLxZS,4c465028af754893b92b9f999383bd42,2026-06-01T14:51:33Z,3,,36ab7f6b32ea4d23b8a8c95a0c34c16e
spotify:track:18AXbzPzBS8Y3AkgSxzJPb,4c465028af754893b92b9f999383bd42,2026-06-01T14:51:33Z,1,,36ab7f6b32ea4d23b8a8c95a0c34c16e
spotify:track:5e9TFTbltYBg2xThimr0rU,4c465028af754893b92b9f999383bd42,2026-06-01T14:51:33Z,2,,36ab7f6b32ea4d23b8a8c95a0c34c16e
spotify:track:4YA5g2UpNLmdql8fdrhlwY,2f9cdeb16a7f487c8bf4a6ed6b08ae38,2026-06-01T15:07:07Z,1,,36ab7f6b32ea4d23b8a8c95a0c34c16e
spotify:track:5lN1EH25gdiqT1SFALMAq1,2f9cdeb16a7f487c8bf4a6ed6b08ae38,2026-06-01T15:07:07Z,1,,36ab7f6b32ea4d23b8a8c95a0c34c16e
spotify:track:1bx7OUl2UmAnA5oZkm9If7,2f9cdeb16a7f487c8bf4a6ed6b08ae38,2026-06-01T15:07:07Z,1,,36ab7f6b32ea4d23b8a8c95a0c34c16e
spotify:track:2u1u4wKiBhQOg4BjDNIfhD,2f9cdeb16a7f487c8bf4a6ed6b08ae38,2026-06-01T15:07:07Z,1,,36ab7f6b32ea4d23b8a8c95a0c34c16e
spotify:track:3APHT3KjbHi9OllkVQsuXF,2f9cdeb16a7f487c8bf4a6ed6b08ae38,2026-06-01T15:07:07Z,2,,36ab7f6b32ea4d23b8a8c95a0c34c16e
spotify:track:18AXbzPzBS8Y3AkgSxzJPb,638bece9d51043468d065ac30af784f2,2026-06-01T16:19:59Z,2,,36ab7f6b32ea4d23b8a8c95a0c34c16e
spotify:track:5r5cp9IpziiIsR6b93vcnQ,638bece9d51043468d065ac30af784f2,2026-06-01T16:19:59Z,3,,36ab7f6b32ea4d23b8a8c95a0c34c16e
spotify:track:0boS4e6uXwp3zAvz1mLxZS,638bece9d51043468d065ac30af784f2,2026-06-01T16:19:59Z,1,,36ab7f6b32ea4d23b8a8c95a0c34c16e
spotify:track:3APHT3KjbHi9OllkVQsuXF,968eab982ccd4fe8bc90c17599c4d2d4,2026-06-01T16:22:29Z,1,,36ab7f6b32ea4d23b8a8c95a0c34c16e
spotify:track:1bx7OUl2UmAnA5oZkm9If7,968eab982ccd4fe8bc90c17599c4d2d4,2026-06-01T16:22:29Z,1,,36ab7f6b32ea4d23b8a8c95a0c34c16e
spotify:track:63Tl9k1sH8tznn3bqoMuyF,968eab982ccd4fe8bc90c17599c4d2d4,2026-06-01T16:22:29Z,1,,36ab7f6b32ea4d23b8a8c95a0c34c16e
spotify:track:72zZfHPYx43shcP3eKkYi5,968eab982ccd4fe8bc90c17599c4d2d4,2026-06-01T16:22:29Z,2,,36ab7f6b32ea4d23b8a8c95a0c34c16e
spotify:track:7tqhbajSfrz2F7E1Z75ASX,968eab982ccd4fe8bc90c17599c4d2d4,2026-06-01T16:22:29Z,1,,36ab7f6b32ea4d23b8a8c95a0c34c16e
spotify:track:18AXbzPzBS8Y3AkgSxzJPb,0406a844f485406d9a23983096f7d39f,2026-06-01T18:42:24Z,1,,36ab7f6b32ea4d23b8a8c95a0c34c16e
spotify:track:2u1u4wKiBhQOg4BjDNIfhD,0406a844f485406d9a23983096f7d39f,2026-06-01T18:42:24Z,1,,36ab7f6b32ea4d23b8a8c95a0c34c16e
spotify:track:4o6BgsqLIBViaGVbx5rbRk,0406a844f485406d9a23983096f7d39f,2026-06-01T18:42:24Z,1,,36ab7f6b32ea4d23b8a8c95a0c34c16e
spotify:track:5r5cp9IpziiIsR6b93vcnQ,0406a844f485406d9a23983096f7d39f,2026-06-01T18:42:24Z,2,,36ab7f6b32ea4d23b8a8c95a0c34c16e
spotify:track:7tqhbajSfrz2F7E1Z75ASX,0406a844f485406d9a23983096f7d39f,2026-06-01T18:42:24Z,1,,36ab7f6b32ea4d23b8a8c95a0c34c16e
spotify:track:3APHT3KjbHi9OllkVQsuXF,fbef2f7c4beb40d7ad6ff55489359b2f,2026-06-02T07:22:27Z,2,,36ab7f6b32ea4d23b8a8c95a0c34c16e
spotify:track:3jQyadhLTxpxadQlkFh2b8,fbef2f7c4beb40d7ad6ff55489359b2f,2026-06-02T07:22:27Z,3,,36ab7f6b32ea4d23b8a8c95a0c34c16e
spotify:track:72zZfHPYx43shcP3eKkYi5,fbef2f7c4beb40d7ad6ff55489359b2f,2026-06-02T07:22:27Z,1,,36ab7f6b32ea4d23b8a8c95a0c34c16e
spotify:track:72zZfHPYx43shcP3eKkYi5,b7501cd252ff45a1bf113b6865434a09,2026-06-03T14:54:17Z,1,,36ab7f6b32ea4d23b8a8c95a0c34c16e
spotify:track:3jQyadhLTxpxadQlkFh2b8,b7501cd252ff45a1bf113b6865434a09,2026-06-03T14:54:17Z,1,,36ab7f6b32ea4d23b8a8c95a0c34c16e
spotify:track:4l2ljvyXOCVNbD5ff7NpM7,b7501cd252ff45a1bf113b6865434a09,2026-06-03T14:54:17Z,1,,36ab7f6b32ea4d23b8a8c95a0c34c16e
spotify:track:4YA5g2UpNLmdql8fdrhlwY,b7501cd252ff45a1bf113b6865434a09,2026-06-03T14:54:17Z,1,,36ab7f6b32ea4d23b8a8c95a0c34c16e
spotify:track:58jx3tTuDuzHysC77c0AQd,b7501cd252ff45a1bf113b6865434a09,2026-06-03T14:54:17Z,2,,36ab7f6b32ea4d23b8a8c95a0c34c16e
spotify:track:4l2ljvyXOCVNbD5ff7NpM7,ebb25a7b909a431dbc2f15552c35dd26,2026-06-04T07:08:39Z,3,,36ab7f6b32ea4d23b8a8c95a0c34c16e
spotify:track:63Tl9k1sH8tznn3bqoMuyF,ebb25a7b909a431dbc2f15552c35dd26,2026-06-04T07:08:39Z,2,,36ab7f6b32ea4d23b8a8c95a0c34c16e
spotify:track:7tqhbajSfrz2F7E1Z75ASX,ebb25a7b909a431dbc2f15552c35dd26,2026-06-04T07:08:39Z,1,,36ab7f6b32ea4d23b8a8c95a0c34c16e
spotify:track:1bx7OUl2UmAnA5oZkm9If7,5b73825c50154f5faf5593b9b85e2ff1,2026-06-04T07:40:54Z,1,,36ab7f6b32ea4d23b8a8c95a0c34c16e
spotify:track:2u1u4wKiBhQOg4BjDNIfhD,5b73825c50154f5faf5593b9b85e2ff1,2026-06-04T07:40:54Z,2,,36ab7f6b32ea4d23b8a8c95a0c34c16e
spotify:track:3jQyadhLTxpxadQlkFh2b8,5b73825c50154f5faf5593b9b85e2ff1,2026-06-04T07:40:54Z,1,,36ab7f6b32ea4d23b8a8c95a0c34c16e
spotify:track:4YA5g2UpNLmdql8fdrhlwY,5b73825c50154f5faf5593b9b85e2ff1,2026-06-04T07:40:54Z,1,,36ab7f6b32ea4d23b8a8c95a0c34c16e
spotify:track:6nYEkOrpEjeNV3MBLwoZBG,5b73825c50154f5faf5593b9b85e2ff1,2026-06-04T07:40:54Z,1,,36ab7f6b32ea4d23b8a8c95a0c34c16e
spotify:track:18AXbzPzBS8Y3AkgSxzJPb,65f3353a17ee4d3093d42837d3a84e21,2026-06-04T12:40:26Z,2,,36ab7f6b32ea4d23b8a8c95a0c34c16e
spotify:track:3APHT3KjbHi9OllkVQsuXF,65f3353a17ee4d3093d42837d3a84e21,2026-06-04T12:40:26Z,1,,36ab7f6b32ea4d23b8a8c95a0c34c16e
spotify:track:5e9TFTbltYBg2xThimr0rU,65f3353a17ee4d3093d42837d3a84e21,2026-06-04T12:40:26Z,3,,36ab7f6b32ea4d23b8a8c95a0c34c16e
spotify:track:18AXbzPzBS8Y3AkgSxzJPb,a3856ee1b4bc4ac6acc97e4c1f52f370,2026-06-04T12:59:29Z,2,,36ab7f6b32ea4d23b8a8c95a0c34c16e
spotify:track:4l2ljvyXOCVNbD5ff7NpM7,a3856ee1b4bc4ac6acc97e4c1f52f370,2026-06-04T12:59:29Z,1,,36ab7f6b32ea4d23b8a8c95a0c34c16e
spotify:track:4YA5g2UpNLmdql8fdrhlwY,a3856ee1b4bc4ac6acc97e4c1f52f370,2026-06-04T12:59:29Z,1,,36ab7f6b32ea4d23b8a8c95a0c34c16e
spotify:track:5r5cp9IpziiIsR6b93vcnQ,a3856ee1b4bc4ac6acc97e4c1f52f370,2026-06-04T12:59:29Z,1,,36ab7f6b32ea4d23b8a8c95a0c34c16e
spotify:track:63Tl9k1sH8tznn3bqoMuyF,a3856ee1b4bc4ac6acc97e4c1f52f370,2026-06-04T12:59:29Z,1,,36ab7f6b32ea4d23b8a8c95a0c34c16e
spotify:track:1bx7OUl2UmAnA5oZkm9If7,4c11ed2e1d2840829a8c25e34c8b7892,2026-06-04T18:48:42Z,1,,36ab7f6b32ea4d23b8a8c95a0c34c16e
spotify:track:3APHT3KjbHi9OllkVQsuXF,4c11ed2e1d2840829a8c25e34c8b7892,2026-06-04T18:48:42Z,1,,36ab7f6b32ea4d23b8a8c95a0c34c16e
spotify:track:4o6BgsqLIBViaGVbx5rbRk,4c11ed2e1d2840829a8c25e34c8b7892,2026-06-04T18:48:42Z,1,,36ab7f6b32ea4d23b8a8c95a0c34c16e
spotify:track:4YA5g2UpNLmdql8fdrhlwY,4c11ed2e1d2840829a8c25e34c8b7892,2026-06-04T18:48:42Z,1,,36ab7f6b32ea4d23b8a8c95a0c34c16e
spotify:track:58jx3tTuDuzHysC77c0AQd,4c11ed2e1d2840829a8c25e34c8b7892,2026-06-04T18:48:42Z,1,,36ab7f6b32ea4d23b8a8c95a0c34c16e
spotify:track:7BBF73cSuNulTag3pLOvVQ,4c11ed2e1d2840829a8c25e34c8b7892,2026-06-04T18:48:42Z,1,,36ab7f6b32ea4d23b8a8c95a0c34c16e
spotify:track:1bx7OUl2UmAnA5oZkm9If7,5fbb8ebfab034a5ea003d35bfaf1a59d,2026-06-04T19:40:55Z,2,,36ab7f6b32ea4d23b8a8c95a0c34c16e
spotify:track:58jx3tTuDuzHysC77c0AQd,5fbb8ebfab034a5ea003d35bfaf1a59d,2026-06-04T19:40:55Z,1,,36ab7f6b32ea4d23b8a8c95a0c34c16e
spotify:track:63Tl9k1sH8tznn3bqoMuyF,5fbb8ebfab034a5ea003d35bfaf1a59d,2026-06-04T19:40:55Z,3,,36ab7f6b32ea4d23b8a8c95a0c34c16e
spotify:track:18AXbzPzBS8Y3AkgSxzJPb,441377a4cd194279803e5145568346ed,2026-06-05T07:00:35Z,1,,36ab7f6b32ea4d23b8a8c95a0c34c16e
spotify:track:1bx7OUl2UmAnA5oZkm9If7,441377a4cd194279803e5145568346ed,2026-06-05T07:00:35Z,2,,36ab7f6b32ea4d23b8a8c95a0c34c16e
spotify:track:4YA5g2UpNLmdql8fdrhlwY,441377a4cd194279803e5145568346ed,2026-06-05T07:00:35Z,3,,36ab7f6b32ea4d23b8a8c95a0c34c16e
spotify:track:0rgyUTQgZ0XQCRHm4qKRB0,8fc1dc71014e405da1c76d2fc096a6d6,2026-06-05T11:03:00Z,1,,36ab7f6b32ea4d23b8a8c95a0c34c16e
spotify:track:18AXbzPzBS8Y3AkgSxzJPb,8fc1dc71014e405da1c76d2fc096a6d6,2026-06-05T11:03:00Z,1,,36ab7f6b32ea4d23b8a8c95a0c34c16e
spotify:track:4o6BgsqLIBViaGVbx5rbRk,8fc1dc71014e405da1c76d2fc096a6d6,2026-06-05T11:03:00Z,1,,36ab7f6b32ea4d23b8a8c95a0c34c16e
spotify:track:4YA5g2UpNLmdql8fdrhlwY,8fc1dc71014e405da1c76d2fc096a6d6,2026-06-05T11:03:00Z,1,,36ab7f6b32ea4d23b8a8c95a0c34c16e
spotify:track:5e9TFTbltYBg2xThimr0rU,8fc1dc71014e405da1c76d2fc096a6d6,2026-06-05T11:03:00Z,1,,36ab7f6b32ea4d23b8a8c95a0c34c16e
spotify:track:5lN1EH25gdiqT1SFALMAq1,8fc1dc71014e405da1c76d2fc096a6d6,2026-06-05T11:03:00Z,1,,36ab7f6b32ea4d23b8a8c95a0c34c16e
spotify:track:4CeeEOM32jQcH3eN9Q2dGj,4c465028af754893b92b9f999383bd42,2026-06-09T12:45:36Z,3,,64f1f044b67440a0b64ab5f03a7accde
spotify:track:1lbXEepatjRVjoG8pZMtdp,4c465028af754893b92b9f999383bd42,2026-06-09T12:45:36Z,1,,64f1f044b67440a0b64ab5f03a7accde
spotify:track:7yFvSYKk3g5g8e7Ffl16ws,4c465028af754893b92b9f999383bd42,2026-06-09T12:45:36Z,2,,64f1f044b67440a0b64ab5f03a7accde
spotify:track:2374M0fQpWi3dLnB54qaLX,968eab982ccd4fe8bc90c17599c4d2d4,2026-06-09T13:42:58Z,1,,64f1f044b67440a0b64ab5f03a7accde
spotify:track:3nFJbZCHP4d9vduKjJLdBL,968eab982ccd4fe8bc90c17599c4d2d4,2026-06-09T13:42:58Z,1,,64f1f044b67440a0b64ab5f03a7accde
spotify:track:3z8h0TU7ReDPLIbEnYhWZb,968eab982ccd4fe8bc90c17599c4d2d4,2026-06-09T13:42:58Z,1,,64f1f044b67440a0b64ab5f03a7accde
spotify:track:6ztstiyZL6FXzh4aG46ZPD,968eab982ccd4fe8bc90c17599c4d2d4,2026-06-09T13:42:58Z,1,,64f1f044b67440a0b64ab5f03a7accde
spotify:track:6ZXmTH4DpP07a2TvHx1EF9,968eab982ccd4fe8bc90c17599c4d2d4,2026-06-09T13:42:58Z,1,,64f1f044b67440a0b64ab5f03a7accde
spotify:track:77NNZQSqzLNqh2A9JhLRkg,968eab982ccd4fe8bc90c17599c4d2d4,2026-06-09T13:42:58Z,1,,64f1f044b67440a0b64ab5f03a7accde
spotify:track:3nFJbZCHP4d9vduKjJLdBL,7b91d7e5ed6d4471b9e7f7be669593c5,2026-06-09T15:05:30Z,3,,64f1f044b67440a0b64ab5f03a7accde
spotify:track:6ztstiyZL6FXzh4aG46ZPD,7b91d7e5ed6d4471b9e7f7be669593c5,2026-06-09T15:05:30Z,2,,64f1f044b67440a0b64ab5f03a7accde
spotify:track:6ZXmTH4DpP07a2TvHx1EF9,7b91d7e5ed6d4471b9e7f7be669593c5,2026-06-09T15:05:30Z,1,,64f1f044b67440a0b64ab5f03a7accde
spotify:track:2374M0fQpWi3dLnB54qaLX,b7501cd252ff45a1bf113b6865434a09,2026-06-09T16:20:44Z,1,,64f1f044b67440a0b64ab5f03a7accde
spotify:track:3nFJbZCHP4d9vduKjJLdBL,b7501cd252ff45a1bf113b6865434a09,2026-06-09T16:20:44Z,1,,64f1f044b67440a0b64ab5f03a7accde
spotify:track:3z8h0TU7ReDPLIbEnYhWZb,b7501cd252ff45a1bf113b6865434a09,2026-06-09T16:20:44Z,1,,64f1f044b67440a0b64ab5f03a7accde
spotify:track:6ZXmTH4DpP07a2TvHx1EF9,b7501cd252ff45a1bf113b6865434a09,2026-06-09T16:20:44Z,1,,64f1f044b67440a0b64ab5f03a7accde
spotify:track:77NNZQSqzLNqh2A9JhLRkg,b7501cd252ff45a1bf113b6865434a09,2026-06-09T16:20:44Z,2,,64f1f044b67440a0b64ab5f03a7accde
spotify:track:3QHONiXGMGU3z68mQInncF,0406a844f485406d9a23983096f7d39f,2026-06-09T17:12:45Z,1,,64f1f044b67440a0b64ab5f03a7accde
spotify:track:3vZO25GdYuqFrR1kzZADnp,0406a844f485406d9a23983096f7d39f,2026-06-09T17:12:45Z,1,,64f1f044b67440a0b64ab5f03a7accde
spotify:track:4CeeEOM32jQcH3eN9Q2dGj,0406a844f485406d9a23983096f7d39f,2026-06-09T17:12:45Z,1,,64f1f044b67440a0b64ab5f03a7accde
spotify:track:4N0TP4Rmj6QQezWV88ARNJ,0406a844f485406d9a23983096f7d39f,2026-06-09T17:12:45Z,2,,64f1f044b67440a0b64ab5f03a7accde
spotify:track:6ZXmTH4DpP07a2TvHx1EF9,0406a844f485406d9a23983096f7d39f,2026-06-09T17:12:45Z,1,,64f1f044b67440a0b64ab5f03a7accde
spotify:track:0GjEhVFGZW8afUYGChu3Rr,638bece9d51043468d065ac30af784f2,2026-06-09T17:34:03Z,1,,64f1f044b67440a0b64ab5f03a7accde
spotify:track:1di1BEgJYzPvXUuinsYJGP,638bece9d51043468d065ac30af784f2,2026-06-09T17:34:03Z,2,,64f1f044b67440a0b64ab5f03a7accde
spotify:track:3vZO25GdYuqFrR1kzZADnp,638bece9d51043468d065ac30af784f2,2026-06-09T17:34:03Z,3,,64f1f044b67440a0b64ab5f03a7accde
spotify:track:1di1BEgJYzPvXUuinsYJGP,3d1b93dc4aef4e1aa8d20e8e903a52cc,2026-06-10T09:21:18Z,1,,64f1f044b67440a0b64ab5f03a7accde
spotify:track:1lbXEepatjRVjoG8pZMtdp,3d1b93dc4aef4e1aa8d20e8e903a52cc,2026-06-10T09:21:18Z,1,,64f1f044b67440a0b64ab5f03a7accde
spotify:track:2374M0fQpWi3dLnB54qaLX,3d1b93dc4aef4e1aa8d20e8e903a52cc,2026-06-10T09:21:18Z,1,,64f1f044b67440a0b64ab5f03a7accde
spotify:track:3nFJbZCHP4d9vduKjJLdBL,3d1b93dc4aef4e1aa8d20e8e903a52cc,2026-06-10T09:21:18Z,1,,64f1f044b67440a0b64ab5f03a7accde
spotify:track:3vZO25GdYuqFrR1kzZADnp,3d1b93dc4aef4e1aa8d20e8e903a52cc,2026-06-10T09:21:18Z,2,,64f1f044b67440a0b64ab5f03a7accde
spotify:track:1vCBk33l9HaWp5FOnhSGxk,65f3353a17ee4d3093d42837d3a84e21,2026-06-10T09:47:02Z,2,,64f1f044b67440a0b64ab5f03a7accde
spotify:track:4CeeEOM32jQcH3eN9Q2dGj,65f3353a17ee4d3093d42837d3a84e21,2026-06-10T09:47:02Z,3,,64f1f044b67440a0b64ab5f03a7accde
spotify:track:4N0TP4Rmj6QQezWV88ARNJ,65f3353a17ee4d3093d42837d3a84e21,2026-06-10T09:47:02Z,1,,64f1f044b67440a0b64ab5f03a7accde
spotify:track:3vZO25GdYuqFrR1kzZADnp,5b73825c50154f5faf5593b9b85e2ff1,2026-06-11T07:35:44Z,2,,64f1f044b67440a0b64ab5f03a7accde
spotify:track:3nFJbZCHP4d9vduKjJLdBL,5b73825c50154f5faf5593b9b85e2ff1,2026-06-11T07:35:44Z,2,,64f1f044b67440a0b64ab5f03a7accde
spotify:track:6ZXmTH4DpP07a2TvHx1EF9,5b73825c50154f5faf5593b9b85e2ff1,2026-06-11T07:35:44Z,1,,64f1f044b67440a0b64ab5f03a7accde
spotify:track:77NNZQSqzLNqh2A9JhLRkg,5b73825c50154f5faf5593b9b85e2ff1,2026-06-11T07:35:44Z,1,,64f1f044b67440a0b64ab5f03a7accde
spotify:track:3vZO25GdYuqFrR1kzZADnp,441377a4cd194279803e5145568346ed,2026-06-11T07:53:15Z,2,,64f1f044b67440a0b64ab5f03a7accde
spotify:track:4dT3qLUU6fFUmomLzk2cUA,441377a4cd194279803e5145568346ed,2026-06-11T07:53:15Z,1,,64f1f044b67440a0b64ab5f03a7accde
spotify:track:4TIJ7zSBNejpoIPaWpWRKc,441377a4cd194279803e5145568346ed,2026-06-11T07:53:15Z,3,,64f1f044b67440a0b64ab5f03a7accde
spotify:track:1lbXEepatjRVjoG8pZMtdp,2f9cdeb16a7f487c8bf4a6ed6b08ae38,2026-06-11T16:03:29Z,1,,64f1f044b67440a0b64ab5f03a7accde
spotify:track:2374M0fQpWi3dLnB54qaLX,2f9cdeb16a7f487c8bf4a6ed6b08ae38,2026-06-11T16:03:29Z,1,,64f1f044b67440a0b64ab5f03a7accde
spotify:track:3nFJbZCHP4d9vduKjJLdBL,2f9cdeb16a7f487c8bf4a6ed6b08ae38,2026-06-11T16:03:29Z,2,,64f1f044b67440a0b64ab5f03a7accde
spotify:track:3QHONiXGMGU3z68mQInncF,2f9cdeb16a7f487c8bf4a6ed6b08ae38,2026-06-11T16:03:29Z,1,,64f1f044b67440a0b64ab5f03a7accde
spotify:track:6ztstiyZL6FXzh4aG46ZPD,2f9cdeb16a7f487c8bf4a6ed6b08ae38,2026-06-11T16:03:29Z,1,,64f1f044b67440a0b64ab5f03a7accde
spotify:track:3vZO25GdYuqFrR1kzZADnp,8fc1dc71014e405da1c76d2fc096a6d6,2026-06-12T06:33:54Z,1,,64f1f044b67440a0b64ab5f03a7accde
spotify:track:1lbXEepatjRVjoG8pZMtdp,8fc1dc71014e405da1c76d2fc096a6d6,2026-06-12T06:33:54Z,1,,64f1f044b67440a0b64ab5f03a7accde
spotify:track:3QHONiXGMGU3z68mQInncF,8fc1dc71014e405da1c76d2fc096a6d6,2026-06-12T06:33:54Z,1,,64f1f044b67440a0b64ab5f03a7accde
spotify:track:3z8h0TU7ReDPLIbEnYhWZb,8fc1dc71014e405da1c76d2fc096a6d6,2026-06-12T06:33:54Z,1,,64f1f044b67440a0b64ab5f03a7accde
spotify:track:4NnWuGQujzWUEg0uZokO5M,8fc1dc71014e405da1c76d2fc096a6d6,2026-06-12T06:33:54Z,1,,64f1f044b67440a0b64ab5f03a7accde
spotify:track:6ztstiyZL6FXzh4aG46ZPD,8fc1dc71014e405da1c76d2fc096a6d6,2026-06-12T06:33:54Z,1,,64f1f044b67440a0b64ab5f03a7accde
spotify:track:0GjEhVFGZW8afUYGChu3Rr,4c11ed2e1d2840829a8c25e34c8b7892,2026-06-12T07:06:36Z,1,,64f1f044b67440a0b64ab5f03a7accde
spotify:track:2374M0fQpWi3dLnB54qaLX,4c11ed2e1d2840829a8c25e34c8b7892,2026-06-12T07:06:36Z,1,,64f1f044b67440a0b64ab5f03a7accde
spotify:track:7yFvSYKk3g5g8e7Ffl16ws,4c11ed2e1d2840829a8c25e34c8b7892,2026-06-12T07:06:36Z,1,,64f1f044b67440a0b64ab5f03a7accde
spotify:track:6ztstiyZL6FXzh4aG46ZPD,4c11ed2e1d2840829a8c25e34c8b7892,2026-06-12T07:06:36Z,1,,64f1f044b67440a0b64ab5f03a7accde
spotify:track:3z8h0TU7ReDPLIbEnYhWZb,4c11ed2e1d2840829a8c25e34c8b7892,2026-06-12T07:06:36Z,1,,64f1f044b67440a0b64ab5f03a7accde
spotify:track:3vZO25GdYuqFrR1kzZADnp,4c11ed2e1d2840829a8c25e34c8b7892,2026-06-12T07:06:36Z,1,,64f1f044b67440a0b64ab5f03a7accde
spotify:track:7yFvSYKk3g5g8e7Ffl16ws,352937952a174ae3aab8108db4308b2e,2026-06-12T10:02:38Z,1,,64f1f044b67440a0b64ab5f03a7accde
spotify:track:1lbXEepatjRVjoG8pZMtdp,352937952a174ae3aab8108db4308b2e,2026-06-12T10:02:38Z,1,,64f1f044b67440a0b64ab5f03a7accde
spotify:track:3nFJbZCHP4d9vduKjJLdBL,352937952a174ae3aab8108db4308b2e,2026-06-12T10:02:38Z,1,,64f1f044b67440a0b64ab5f03a7accde
spotify:track:3vZO25GdYuqFrR1kzZADnp,352937952a174ae3aab8108db4308b2e,2026-06-12T10:02:38Z,1,,64f1f044b67440a0b64ab5f03a7accde
spotify:track:4NnWuGQujzWUEg0uZokO5M,352937952a174ae3aab8108db4308b2e,2026-06-12T10:02:38Z,1,,64f1f044b67440a0b64ab5f03a7accde
spotify:track:6ZXmTH4DpP07a2TvHx1EF9,352937952a174ae3aab8108db4308b2e,2026-06-12T10:02:38Z,1,,64f1f044b67440a0b64ab5f03a7accde
spotify:track:0GjEhVFGZW8afUYGChu3Rr,b283b84b47b14942b2dc114115d20741,2026-06-12T11:11:22Z,2,,64f1f044b67440a0b64ab5f03a7accde
spotify:track:4CeeEOM32jQcH3eN9Q2dGj,b283b84b47b14942b2dc114115d20741,2026-06-12T11:11:22Z,1,,64f1f044b67440a0b64ab5f03a7accde
spotify:track:77NNZQSqzLNqh2A9JhLRkg,b283b84b47b14942b2dc114115d20741,2026-06-12T11:11:22Z,3,,64f1f044b67440a0b64ab5f03a7accde
spotify:track:4N0TP4Rmj6QQezWV88ARNJ,43625de5909c488b967f4bd2380dd2bb,2026-06-12T11:17:03Z,2,,64f1f044b67440a0b64ab5f03a7accde
spotify:track:3nFJbZCHP4d9vduKjJLdBL,43625de5909c488b967f4bd2380dd2bb,2026-06-12T11:17:03Z,3,,64f1f044b67440a0b64ab5f03a7accde
spotify:track:1vCBk33l9HaWp5FOnhSGxk,43625de5909c488b967f4bd2380dd2bb,2026-06-12T11:17:03Z,1,,64f1f044b67440a0b64ab5f03a7accde
spotify:track:2SpEHTbUuebeLkgs9QB7Ue,3d1b93dc4aef4e1aa8d20e8e903a52cc,2026-06-15T13:02:30Z,1,,edf00e1bf34d491bbc3d195275702bc9
spotify:track:7s25THrKz86DM225dOYwnr,3d1b93dc4aef4e1aa8d20e8e903a52cc,2026-06-15T13:02:30Z,2,,edf00e1bf34d491bbc3d195275702bc9
spotify:track:7nYvUtkQMx1v80S2FH2s9J,3d1b93dc4aef4e1aa8d20e8e903a52cc,2026-06-15T13:02:30Z,1,,edf00e1bf34d491bbc3d195275702bc9
spotify:track:62LJFaYihsdVrrkgUOJC05,3d1b93dc4aef4e1aa8d20e8e903a52cc,2026-06-15T13:02:30Z,1,,edf00e1bf34d491bbc3d195275702bc9
spotify:track:4Ub8UsjWuewQrPhuepfVpd,3d1b93dc4aef4e1aa8d20e8e903a52cc,2026-06-15T13:02:30Z,1,,edf00e1bf34d491bbc3d195275702bc9
spotify:track:0aj2QKJvz6CePykmlTApiD,7b91d7e5ed6d4471b9e7f7be669593c5,2026-06-15T14:04:17Z,1,,edf00e1bf34d491bbc3d195275702bc9
spotify:track:7nYvUtkQMx1v80S2FH2s9J,7b91d7e5ed6d4471b9e7f7be669593c5,2026-06-15T14:04:17Z,2,,edf00e1bf34d491bbc3d195275702bc9
spotify:track:6Tsu3OsuMz4KEGKbOYd6A0,7b91d7e5ed6d4471b9e7f7be669593c5,2026-06-15T14:04:17Z,3,,edf00e1bf34d491bbc3d195275702bc9
spotify:track:2i1AVZAYLhrQTvzr1hu7Jt,e6c75ce347454dee9da3dba31ccca49f,2026-06-15T15:14:04Z,2,,edf00e1bf34d491bbc3d195275702bc9
spotify:track:0pqnGHJpmpxLKifKRmU6WP,e6c75ce347454dee9da3dba31ccca49f,2026-06-15T15:14:04Z,1,,edf00e1bf34d491bbc3d195275702bc9
spotify:track:7nYvUtkQMx1v80S2FH2s9J,e6c75ce347454dee9da3dba31ccca49f,2026-06-15T15:14:04Z,2,,edf00e1bf34d491bbc3d195275702bc9
spotify:track:2SpEHTbUuebeLkgs9QB7Ue,e6c75ce347454dee9da3dba31ccca49f,2026-06-15T15:14:04Z,1,,edf00e1bf34d491bbc3d195275702bc9
spotify:track:3gjHnylel3PTRpjS44ocqr,a3856ee1b4bc4ac6acc97e4c1f52f370,2026-06-15T15:54:41Z,1,,edf00e1bf34d491bbc3d195275702bc9
spotify:track:0aj2QKJvz6CePykmlTApiD,a3856ee1b4bc4ac6acc97e4c1f52f370,2026-06-15T15:54:41Z,1,,edf00e1bf34d491bbc3d195275702bc9
spotify:track:6Tsu3OsuMz4KEGKbOYd6A0,a3856ee1b4bc4ac6acc97e4c1f52f370,2026-06-15T15:54:41Z,1,,edf00e1bf34d491bbc3d195275702bc9
spotify:track:5BZsQlgw21vDOAjoqkNgKb,a3856ee1b4bc4ac6acc97e4c1f52f370,2026-06-15T15:54:41Z,1,,edf00e1bf34d491bbc3d195275702bc9
spotify:track:49FYlytm3dAAraYgpoJZux,a3856ee1b4bc4ac6acc97e4c1f52f370,2026-06-15T15:54:41Z,1,,edf00e1bf34d491bbc3d195275702bc9
spotify:track:62LJFaYihsdVrrkgUOJC05,a3856ee1b4bc4ac6acc97e4c1f52f370,2026-06-15T15:54:41Z,1,,edf00e1bf34d491bbc3d195275702bc9
spotify:track:6Tsu3OsuMz4KEGKbOYd6A0,638bece9d51043468d065ac30af784f2,2026-06-16T00:06:05Z,1,,edf00e1bf34d491bbc3d195275702bc9
spotify:track:7s25THrKz86DM225dOYwnr,638bece9d51043468d065ac30af784f2,2026-06-16T00:06:05Z,2,,edf00e1bf34d491bbc3d195275702bc9
spotify:track:2LlQb7Uoj1kKyGhlkBf9aC,638bece9d51043468d065ac30af784f2,2026-06-16T00:06:05Z,3,,edf00e1bf34d491bbc3d195275702bc9
spotify:track:2SpEHTbUuebeLkgs9QB7Ue,5b73825c50154f5faf5593b9b85e2ff1,2026-06-16T07:36:14Z,2,,edf00e1bf34d491bbc3d195275702bc9
spotify:track:21SUW6VqiPSwSumXMPYQtz,5b73825c50154f5faf5593b9b85e2ff1,2026-06-16T07:36:14Z,1,,edf00e1bf34d491bbc3d195275702bc9
spotify:track:3gjHnylel3PTRpjS44ocqr,5b73825c50154f5faf5593b9b85e2ff1,2026-06-16T07:36:14Z,1,,edf00e1bf34d491bbc3d195275702bc9
spotify:track:5BZsQlgw21vDOAjoqkNgKb,5b73825c50154f5faf5593b9b85e2ff1,2026-06-16T07:36:14Z,1,,edf00e1bf34d491bbc3d195275702bc9
spotify:track:6Tsu3OsuMz4KEGKbOYd6A0,5b73825c50154f5faf5593b9b85e2ff1,2026-06-16T07:36:14Z,1,,edf00e1bf34d491bbc3d195275702bc9
spotify:track:2gam98EZKrF9XuOkU13ApN,968eab982ccd4fe8bc90c17599c4d2d4,2026-06-16T14:02:12Z,1,,edf00e1bf34d491bbc3d195275702bc9
spotify:track:0aj2QKJvz6CePykmlTApiD,968eab982ccd4fe8bc90c17599c4d2d4,2026-06-16T14:02:12Z,1,,edf00e1bf34d491bbc3d195275702bc9
spotify:track:7s25THrKz86DM225dOYwnr,968eab982ccd4fe8bc90c17599c4d2d4,2026-06-16T14:02:12Z,1,,edf00e1bf34d491bbc3d195275702bc9
spotify:track:3gjHnylel3PTRpjS44ocqr,968eab982ccd4fe8bc90c17599c4d2d4,2026-06-16T14:02:12Z,1,,edf00e1bf34d491bbc3d195275702bc9
spotify:track:2LlQb7Uoj1kKyGhlkBf9aC,968eab982ccd4fe8bc90c17599c4d2d4,2026-06-16T14:02:12Z,1,,edf00e1bf34d491bbc3d195275702bc9
spotify:track:0pqnGHJpmpxLKifKRmU6WP,968eab982ccd4fe8bc90c17599c4d2d4,2026-06-16T14:02:12Z,1,,edf00e1bf34d491bbc3d195275702bc9
spotify:track:62LJFaYihsdVrrkgUOJC05,65f3353a17ee4d3093d42837d3a84e21,2026-06-16T15:40:17Z,3,,edf00e1bf34d491bbc3d195275702bc9
spotify:track:6Tsu3OsuMz4KEGKbOYd6A0,65f3353a17ee4d3093d42837d3a84e21,2026-06-16T15:40:17Z,2,,edf00e1bf34d491bbc3d195275702bc9
spotify:track:21SUW6VqiPSwSumXMPYQtz,65f3353a17ee4d3093d42837d3a84e21,2026-06-16T15:40:17Z,1,,edf00e1bf34d491bbc3d195275702bc9
spotify:track:2SpEHTbUuebeLkgs9QB7Ue,b7501cd252ff45a1bf113b6865434a09,2026-06-17T07:41:33Z,2,,edf00e1bf34d491bbc3d195275702bc9
spotify:track:4Ub8UsjWuewQrPhuepfVpd,b7501cd252ff45a1bf113b6865434a09,2026-06-17T07:41:33Z,2,,edf00e1bf34d491bbc3d195275702bc9
spotify:track:0aj2QKJvz6CePykmlTApiD,b7501cd252ff45a1bf113b6865434a09,2026-06-17T07:41:33Z,2,,edf00e1bf34d491bbc3d195275702bc9
spotify:track:49FYlytm3dAAraYgpoJZux,ebb25a7b909a431dbc2f15552c35dd26,2026-06-17T17:33:42Z,2,,edf00e1bf34d491bbc3d195275702bc9
spotify:track:4Ub8UsjWuewQrPhuepfVpd,ebb25a7b909a431dbc2f15552c35dd26,2026-06-17T17:33:42Z,3,,edf00e1bf34d491bbc3d195275702bc9
spotify:track:2gam98EZKrF9XuOkU13ApN,ebb25a7b909a431dbc2f15552c35dd26,2026-06-17T17:33:42Z,1,,edf00e1bf34d491bbc3d195275702bc9
spotify:track:6Tsu3OsuMz4KEGKbOYd6A0,0406a844f485406d9a23983096f7d39f,2026-06-17T17:56:26Z,2,,edf00e1bf34d491bbc3d195275702bc9
spotify:track:7nYvUtkQMx1v80S2FH2s9J,0406a844f485406d9a23983096f7d39f,2026-06-17T17:56:26Z,2,,edf00e1bf34d491bbc3d195275702bc9
spotify:track:64I9byMYBlS1ARsC3vtpgW,0406a844f485406d9a23983096f7d39f,2026-06-17T17:56:26Z,2,,edf00e1bf34d491bbc3d195275702bc9
spotify:track:2SpEHTbUuebeLkgs9QB7Ue,352937952a174ae3aab8108db4308b2e,2026-06-17T22:44:31Z,1,,edf00e1bf34d491bbc3d195275702bc9
spotify:track:13MF2TYuyfITClL1R2ei6e,352937952a174ae3aab8108db4308b2e,2026-06-17T22:44:31Z,2,,edf00e1bf34d491bbc3d195275702bc9
spotify:track:2LlQb7Uoj1kKyGhlkBf9aC,352937952a174ae3aab8108db4308b2e,2026-06-17T22:44:31Z,1,,edf00e1bf34d491bbc3d195275702bc9
spotify:track:49FYlytm3dAAraYgpoJZux,352937952a174ae3aab8108db4308b2e,2026-06-17T22:44:31Z,1,,edf00e1bf34d491bbc3d195275702bc9
spotify:track:7lMIJ4EFWRVoAIPDpeGyM3,352937952a174ae3aab8108db4308b2e,2026-06-17T22:44:31Z,1,,edf00e1bf34d491bbc3d195275702bc9
spotify:track:21SUW6VqiPSwSumXMPYQtz,95f0f3d2f6e84e54b527a9847c90935c,2026-06-18T10:03:22Z,2,,edf00e1bf34d491bbc3d195275702bc9
spotify:track:49FYlytm3dAAraYgpoJZux,95f0f3d2f6e84e54b527a9847c90935c,2026-06-18T10:03:22Z,3,,edf00e1bf34d491bbc3d195275702bc9
spotify:track:2LlQb7Uoj1kKyGhlkBf9aC,95f0f3d2f6e84e54b527a9847c90935c,2026-06-18T10:03:22Z,1,,edf00e1bf34d491bbc3d195275702bc9
spotify:track:0pqnGHJpmpxLKifKRmU6WP,5fbb8ebfab034a5ea003d35bfaf1a59d,2026-06-18T10:49:11Z,2,,edf00e1bf34d491bbc3d195275702bc9
spotify:track:49FYlytm3dAAraYgpoJZux,5fbb8ebfab034a5ea003d35bfaf1a59d,2026-06-18T10:49:11Z,3,,edf00e1bf34d491bbc3d195275702bc9
spotify:track:13MF2TYuyfITClL1R2ei6e,5fbb8ebfab034a5ea003d35bfaf1a59d,2026-06-18T10:49:11Z,1,,edf00e1bf34d491bbc3d195275702bc9
spotify:track:62LJFaYihsdVrrkgUOJC05,2f9cdeb16a7f487c8bf4a6ed6b08ae38,2026-06-18T15:34:49Z,1,,edf00e1bf34d491bbc3d195275702bc9
spotify:track:21SUW6VqiPSwSumXMPYQtz,2f9cdeb16a7f487c8bf4a6ed6b08ae38,2026-06-18T15:34:49Z,1,,edf00e1bf34d491bbc3d195275702bc9
spotify:track:49FYlytm3dAAraYgpoJZux,2f9cdeb16a7f487c8bf4a6ed6b08ae38,2026-06-18T15:34:49Z,1,,edf00e1bf34d491bbc3d195275702bc9
spotify:track:13MF2TYuyfITClL1R2ei6e,2f9cdeb16a7f487c8bf4a6ed6b08ae38,2026-06-18T15:34:49Z,2,,edf00e1bf34d491bbc3d195275702bc9
spotify:track:0aj2QKJvz6CePykmlTApiD,2f9cdeb16a7f487c8bf4a6ed6b08ae38,2026-06-18T15:34:49Z,1,,edf00e1bf34d491bbc3d195275702bc9
spotify:track:0pqnGHJpmpxLKifKRmU6WP,b283b84b47b14942b2dc114115d20741,2026-06-19T09:03:50Z,1,,edf00e1bf34d491bbc3d195275702bc9
spotify:track:4Ub8UsjWuewQrPhuepfVpd,b283b84b47b14942b2dc114115d20741,2026-06-19T09:03:50Z,1,,edf00e1bf34d491bbc3d195275702bc9
spotify:track:2SpEHTbUuebeLkgs9QB7Ue,b283b84b47b14942b2dc114115d20741,2026-06-19T09:03:50Z,1,,edf00e1bf34d491bbc3d195275702bc9
spotify:track:2i1AVZAYLhrQTvzr1hu7Jt,b283b84b47b14942b2dc114115d20741,2026-06-19T09:03:50Z,2,,edf00e1bf34d491bbc3d195275702bc9
spotify:track:2gam98EZKrF9XuOkU13ApN,b283b84b47b14942b2dc114115d20741,2026-06-19T09:03:50Z,1,,edf00e1bf34d491bbc3d195275702bc9
spotify:track:2gam98EZKrF9XuOkU13ApN,43625de5909c488b967f4bd2380dd2bb,2026-06-19T11:16:54Z,1,,edf00e1bf34d491bbc3d195275702bc9
spotify:track:49FYlytm3dAAraYgpoJZux,43625de5909c488b967f4bd2380dd2bb,2026-06-19T11:16:54Z,3,,edf00e1bf34d491bbc3d195275702bc9
spotify:track:6Tsu3OsuMz4KEGKbOYd6A0,43625de5909c488b967f4bd2380dd2bb,2026-06-19T11:16:54Z,2,,edf00e1bf34d491bbc3d195275702bc9
spotify:track:0aj2QKJvz6CePykmlTApiD,441377a4cd194279803e5145568346ed,2026-06-19T12:01:30Z,2,,edf00e1bf34d491bbc3d195275702bc9
spotify:track:49FYlytm3dAAraYgpoJZux,441377a4cd194279803e5145568346ed,2026-06-19T12:01:30Z,1,,edf00e1bf34d491bbc3d195275702bc9
spotify:track:64I9byMYBlS1ARsC3vtpgW,441377a4cd194279803e5145568346ed,2026-06-19T12:01:30Z,3,,edf00e1bf34d491bbc3d195275702bc9
spotify:track:0DiWol3AO6WpXZgp0goxAV,3d1b93dc4aef4e1aa8d20e8e903a52cc,2026-06-22T13:25:32Z,2,,67518b26dfe041749793990987db5398
spotify:track:2V65y3PX4DkRhy1djlxd9p,3d1b93dc4aef4e1aa8d20e8e903a52cc,2026-06-22T13:25:32Z,3,,67518b26dfe041749793990987db5398
spotify:track:0FDzzruyVECATHXKHFs9eJ,3d1b93dc4aef4e1aa8d20e8e903a52cc,2026-06-22T13:25:32Z,1,,67518b26dfe041749793990987db5398
spotify:track:1FS21kclHQ2vVi3U1ZxETc,352937952a174ae3aab8108db4308b2e,2026-06-23T12:06:21Z,2,,67518b26dfe041749793990987db5398
spotify:track:25FTMokYEbEWHEdss5JLZS,352937952a174ae3aab8108db4308b2e,2026-06-23T12:06:21Z,2,,67518b26dfe041749793990987db5398
spotify:track:2A7GGXmTlXuH9LOvBXgOX4,352937952a174ae3aab8108db4308b2e,2026-06-23T12:06:21Z,1,,67518b26dfe041749793990987db5398
spotify:track:7j31rVgGX9Q2blT92VBEA0,352937952a174ae3aab8108db4308b2e,2026-06-23T12:06:21Z,1,,67518b26dfe041749793990987db5398
spotify:track:51ODNNDZm21HU7wI7cccRr,7b91d7e5ed6d4471b9e7f7be669593c5,2026-06-23T14:38:19Z,2,,67518b26dfe041749793990987db5398
spotify:track:1FS21kclHQ2vVi3U1ZxETc,7b91d7e5ed6d4471b9e7f7be669593c5,2026-06-23T14:38:19Z,1,,67518b26dfe041749793990987db5398
spotify:track:0DiWol3AO6WpXZgp0goxAV,7b91d7e5ed6d4471b9e7f7be669593c5,2026-06-23T14:38:19Z,3,,67518b26dfe041749793990987db5398
spotify:track:003vvx7Niy0yvhvHt4a68B,ebb25a7b909a431dbc2f15552c35dd26,2026-06-24T08:43:46Z,3,,67518b26dfe041749793990987db5398
spotify:track:1qPbGZqppFwLwcBC1JQ6Vr,ebb25a7b909a431dbc2f15552c35dd26,2026-06-24T08:43:46Z,1,,67518b26dfe041749793990987db5398
spotify:track:7j31rVgGX9Q2blT92VBEA0,ebb25a7b909a431dbc2f15552c35dd26,2026-06-24T08:43:46Z,2,,67518b26dfe041749793990987db5398
spotify:track:5072hCBK3Z15qRnTEzd8fy,5b73825c50154f5faf5593b9b85e2ff1,2026-06-24T13:18:49Z,1,,67518b26dfe041749793990987db5398
spotify:track:2A7GGXmTlXuH9LOvBXgOX4,5b73825c50154f5faf5593b9b85e2ff1,2026-06-24T13:18:49Z,2,,67518b26dfe041749793990987db5398
spotify:track:1qPbGZqppFwLwcBC1JQ6Vr,5b73825c50154f5faf5593b9b85e2ff1,2026-06-24T13:18:49Z,1,,67518b26dfe041749793990987db5398
spotify:track:003vvx7Niy0yvhvHt4a68B,5b73825c50154f5faf5593b9b85e2ff1,2026-06-24T13:18:49Z,2,,67518b26dfe041749793990987db5398
spotify:track:51ODNNDZm21HU7wI7cccRr,2f9cdeb16a7f487c8bf4a6ed6b08ae38,2026-06-24T17:52:09Z,1,,67518b26dfe041749793990987db5398
spotify:track:5G1sTBGbZT5o4PNRc75RKI,2f9cdeb16a7f487c8bf4a6ed6b08ae38,2026-06-24T17:52:09Z,1,,67518b26dfe041749793990987db5398
spotify:track:6Sy9BUbgFse0n0LPA5lwy5,2f9cdeb16a7f487c8bf4a6ed6b08ae38,2026-06-24T17:52:09Z,1,,67518b26dfe041749793990987db5398
spotify:track:0DiWol3AO6WpXZgp0goxAV,2f9cdeb16a7f487c8bf4a6ed6b08ae38,2026-06-24T17:52:09Z,1,,67518b26dfe041749793990987db5398
spotify:track:1FS21kclHQ2vVi3U1ZxETc,2f9cdeb16a7f487c8bf4a6ed6b08ae38,2026-06-24T17:52:09Z,1,,67518b26dfe041749793990987db5398
spotify:track:25FTMokYEbEWHEdss5JLZS,2f9cdeb16a7f487c8bf4a6ed6b08ae38,2026-06-24T17:52:09Z,1,,67518b26dfe041749793990987db5398
spotify:track:2aJDlirz6v2a4HREki98cP,638bece9d51043468d065ac30af784f2,2026-06-24T21:05:31Z,2,,67518b26dfe041749793990987db5398
spotify:track:1FS21kclHQ2vVi3U1ZxETc,638bece9d51043468d065ac30af784f2,2026-06-24T21:05:31Z,3,,67518b26dfe041749793990987db5398
spotify:track:0FDzzruyVECATHXKHFs9eJ,638bece9d51043468d065ac30af784f2,2026-06-24T21:05:31Z,1,,67518b26dfe041749793990987db5398
spotify:track:0FDzzruyVECATHXKHFs9eJ,95f0f3d2f6e84e54b527a9847c90935c,2026-06-25T10:31:29Z,3,,67518b26dfe041749793990987db5398
spotify:track:0U10zFw4GlBacOy9VDGfGL,95f0f3d2f6e84e54b527a9847c90935c,2026-06-25T10:31:29Z,2,,67518b26dfe041749793990987db5398
spotify:track:2V65y3PX4DkRhy1djlxd9p,95f0f3d2f6e84e54b527a9847c90935c,2026-06-25T10:31:29Z,1,,67518b26dfe041749793990987db5398
spotify:track:5072hCBK3Z15qRnTEzd8fy,4c11ed2e1d2840829a8c25e34c8b7892,2026-06-25T13:02:07Z,1,,67518b26dfe041749793990987db5398
spotify:track:5A1FmxbYVRZKy4nc16MAue,4c11ed2e1d2840829a8c25e34c8b7892,2026-06-25T13:02:07Z,1,,67518b26dfe041749793990987db5398
spotify:track:2V65y3PX4DkRhy1djlxd9p,4c11ed2e1d2840829a8c25e34c8b7892,2026-06-25T13:02:07Z,2,,67518b26dfe041749793990987db5398
spotify:track:2A7GGXmTlXuH9LOvBXgOX4,4c11ed2e1d2840829a8c25e34c8b7892,2026-06-25T13:02:07Z,1,,67518b26dfe041749793990987db5398
spotify:track:0U10zFw4GlBacOy9VDGfGL,4c11ed2e1d2840829a8c25e34c8b7892,2026-06-25T13:02:07Z,1,,67518b26dfe041749793990987db5398
spotify:track:5A1FmxbYVRZKy4nc16MAue,0406a844f485406d9a23983096f7d39f,2026-06-25T13:05:46Z,1,,67518b26dfe041749793990987db5398
spotify:track:0DiWol3AO6WpXZgp0goxAV,0406a844f485406d9a23983096f7d39f,2026-06-25T13:05:46Z,2,,67518b26dfe041749793990987db5398
spotify:track:1FS21kclHQ2vVi3U1ZxETc,0406a844f485406d9a23983096f7d39f,2026-06-25T13:05:46Z,2,,67518b26dfe041749793990987db5398
spotify:track:2V65y3PX4DkRhy1djlxd9p,0406a844f485406d9a23983096f7d39f,2026-06-25T13:05:46Z,1,,67518b26dfe041749793990987db5398
spotify:track:19nYrMH902d3LhO7Xw76ur,441377a4cd194279803e5145568346ed,2026-06-25T13:20:52Z,3,,67518b26dfe041749793990987db5398
spotify:track:51ODNNDZm21HU7wI7cccRr,441377a4cd194279803e5145568346ed,2026-06-25T13:20:52Z,2,,67518b26dfe041749793990987db5398
spotify:track:5G1sTBGbZT5o4PNRc75RKI,441377a4cd194279803e5145568346ed,2026-06-25T13:20:52Z,1,,67518b26dfe041749793990987db5398
spotify:track:7GF92haKwJg9WUdnkTxRtr,b7501cd252ff45a1bf113b6865434a09,2026-06-25T15:02:16Z,1,,67518b26dfe041749793990987db5398
spotify:track:0FDzzruyVECATHXKHFs9eJ,b7501cd252ff45a1bf113b6865434a09,2026-06-25T15:02:16Z,1,,67518b26dfe041749793990987db5398
spotify:track:0U10zFw4GlBacOy9VDGfGL,b7501cd252ff45a1bf113b6865434a09,2026-06-25T15:02:16Z,2,,67518b26dfe041749793990987db5398
spotify:track:5072hCBK3Z15qRnTEzd8fy,b7501cd252ff45a1bf113b6865434a09,2026-06-25T15:02:16Z,2,,67518b26dfe041749793990987db5398
spotify:track:2aJDlirz6v2a4HREki98cP,8fc1dc71014e405da1c76d2fc096a6d6,2026-06-25T15:55:32Z,2,"New for me, take a point or 2",67518b26dfe041749793990987db5398
spotify:track:5G1sTBGbZT5o4PNRc75RKI,8fc1dc71014e405da1c76d2fc096a6d6,2026-06-25T15:55:32Z,1,,67518b26dfe041749793990987db5398
spotify:track:7GF92haKwJg9WUdnkTxRtr,8fc1dc71014e405da1c76d2fc096a6d6,2026-06-25T15:55:32Z,3,"new artist for me, so take some points",67518b26dfe041749793990987db5398
spotify:track:003vvx7Niy0yvhvHt4a68B,5fbb8ebfab034a5ea003d35bfaf1a59d,2026-06-25T16:48:45Z,3,,67518b26dfe041749793990987db5398
spotify:track:0DiWol3AO6WpXZgp0goxAV,5fbb8ebfab034a5ea003d35bfaf1a59d,2026-06-25T16:48:45Z,1,,67518b26dfe041749793990987db5398
spotify:track:0FDzzruyVECATHXKHFs9eJ,5fbb8ebfab034a5ea003d35bfaf1a59d,2026-06-25T16:48:45Z,2,,67518b26dfe041749793990987db5398
spotify:track:2V65y3PX4DkRhy1djlxd9p,a3856ee1b4bc4ac6acc97e4c1f52f370,2026-06-25T19:29:17Z,1,,67518b26dfe041749793990987db5398
spotify:track:7j31rVgGX9Q2blT92VBEA0,a3856ee1b4bc4ac6acc97e4c1f52f370,2026-06-25T19:29:17Z,1,,67518b26dfe041749793990987db5398
spotify:track:2aJDlirz6v2a4HREki98cP,a3856ee1b4bc4ac6acc97e4c1f52f370,2026-06-25T19:29:17Z,1,,67518b26dfe041749793990987db5398
spotify:track:1FS21kclHQ2vVi3U1ZxETc,a3856ee1b4bc4ac6acc97e4c1f52f370,2026-06-25T19:29:17Z,2,,67518b26dfe041749793990987db5398
spotify:track:003vvx7Niy0yvhvHt4a68B,a3856ee1b4bc4ac6acc97e4c1f52f370,2026-06-25T19:29:17Z,1,,67518b26dfe041749793990987db5398
spotify:track:2A7GGXmTlXuH9LOvBXgOX4,b283b84b47b14942b2dc114115d20741,2026-06-26T11:02:51Z,1,,67518b26dfe041749793990987db5398
spotify:track:2V65y3PX4DkRhy1djlxd9p,b283b84b47b14942b2dc114115d20741,2026-06-26T11:02:51Z,1,,67518b26dfe041749793990987db5398
spotify:track:5A1FmxbYVRZKy4nc16MAue,b283b84b47b14942b2dc114115d20741,2026-06-26T11:02:51Z,1,,67518b26dfe041749793990987db5398
spotify:track:003vvx7Niy0yvhvHt4a68B,b283b84b47b14942b2dc114115d20741,2026-06-26T11:02:51Z,1,,67518b26dfe041749793990987db5398
spotify:track:0FDzzruyVECATHXKHFs9eJ,b283b84b47b14942b2dc114115d20741,2026-06-26T11:02:51Z,1,,67518b26dfe041749793990987db5398
spotify:track:25FTMokYEbEWHEdss5JLZS,b283b84b47b14942b2dc114115d20741,2026-06-26T11:02:51Z,1,,67518b26dfe041749793990987db5398
spotify:track:5072hCBK3Z15qRnTEzd8fy,e6c75ce347454dee9da3dba31ccca49f,2026-06-26T12:47:34Z,1,,67518b26dfe041749793990987db5398
spotify:track:5A1FmxbYVRZKy4nc16MAue,e6c75ce347454dee9da3dba31ccca49f,2026-06-26T12:47:34Z,1,,67518b26dfe041749793990987db5398
spotify:track:6Sy9BUbgFse0n0LPA5lwy5,e6c75ce347454dee9da3dba31ccca49f,2026-06-26T12:47:34Z,1,,67518b26dfe041749793990987db5398
spotify:track:003vvx7Niy0yvhvHt4a68B,e6c75ce347454dee9da3dba31ccca49f,2026-06-26T12:47:34Z,1,,67518b26dfe041749793990987db5398
spotify:track:1FS21kclHQ2vVi3U1ZxETc,e6c75ce347454dee9da3dba31ccca49f,2026-06-26T12:47:34Z,1,,67518b26dfe041749793990987db5398
spotify:track:25FTMokYEbEWHEdss5JLZS,e6c75ce347454dee9da3dba31ccca49f,2026-06-26T12:47:34Z,1,,67518b26dfe041749793990987db5398
spotify:track:7HW5WIw7ZgZORCzUxv5gW5,3d1b93dc4aef4e1aa8d20e8e903a52cc,2026-06-29T13:36:04Z,1,,f71eccc004314c0eb8feeb1987e705ce
spotify:track:7jLbTp3qZzah9kMIdW8e5M,3d1b93dc4aef4e1aa8d20e8e903a52cc,2026-06-29T13:36:04Z,1,,f71eccc004314c0eb8feeb1987e705ce
spotify:track:7tqhbajSfrz2F7E1Z75ASX,3d1b93dc4aef4e1aa8d20e8e903a52cc,2026-06-29T13:36:04Z,1,,f71eccc004314c0eb8feeb1987e705ce
spotify:track:6sHsXIJoEN5JpdkGMQDJxt,3d1b93dc4aef4e1aa8d20e8e903a52cc,2026-06-29T13:36:04Z,2,,f71eccc004314c0eb8feeb1987e705ce
spotify:track:6W7ztLBiRzBN46ZaPAcQ0F,3d1b93dc4aef4e1aa8d20e8e903a52cc,2026-06-29T13:36:04Z,1,,f71eccc004314c0eb8feeb1987e705ce
spotify:track:5zQ1Wq6HNYjGZWkVv5P8Eg,7b91d7e5ed6d4471b9e7f7be669593c5,2026-06-29T14:01:48Z,3,,f71eccc004314c0eb8feeb1987e705ce
spotify:track:7jLbTp3qZzah9kMIdW8e5M,7b91d7e5ed6d4471b9e7f7be669593c5,2026-06-29T14:01:48Z,1,,f71eccc004314c0eb8feeb1987e705ce
spotify:track:7tqhbajSfrz2F7E1Z75ASX,7b91d7e5ed6d4471b9e7f7be669593c5,2026-06-29T14:01:48Z,2,,f71eccc004314c0eb8feeb1987e705ce
spotify:track:0d28khcov6AiegSCpG5TuT,2f9cdeb16a7f487c8bf4a6ed6b08ae38,2026-06-29T14:56:40Z,1,,f71eccc004314c0eb8feeb1987e705ce
spotify:track:3pvOdS9kIz3LL0UoRVsabS,2f9cdeb16a7f487c8bf4a6ed6b08ae38,2026-06-29T14:56:40Z,2,,f71eccc004314c0eb8feeb1987e705ce
spotify:track:5zQ1Wq6HNYjGZWkVv5P8Eg,2f9cdeb16a7f487c8bf4a6ed6b08ae38,2026-06-29T14:56:40Z,2,,f71eccc004314c0eb8feeb1987e705ce
spotify:track:7MZHqgTVTnN6xZGYAcEEAf,2f9cdeb16a7f487c8bf4a6ed6b08ae38,2026-06-29T14:56:40Z,1,,f71eccc004314c0eb8feeb1987e705ce
spotify:track:5zQ1Wq6HNYjGZWkVv5P8Eg,638bece9d51043468d065ac30af784f2,2026-06-29T15:44:33Z,1,,f71eccc004314c0eb8feeb1987e705ce
spotify:track:7HW5WIw7ZgZORCzUxv5gW5,638bece9d51043468d065ac30af784f2,2026-06-29T15:44:33Z,2,,f71eccc004314c0eb8feeb1987e705ce
spotify:track:7ySbfLwdCwl1EM0zNCJZ38,638bece9d51043468d065ac30af784f2,2026-06-29T15:44:33Z,3,,f71eccc004314c0eb8feeb1987e705ce
spotify:track:1KGi9sZVMeszgZOWivFpxs,e6c75ce347454dee9da3dba31ccca49f,2026-06-29T20:04:24Z,1,,f71eccc004314c0eb8feeb1987e705ce
spotify:track:2VxeLyX666F8uXCJ0dZF8B,e6c75ce347454dee9da3dba31ccca49f,2026-06-29T20:04:24Z,2,,f71eccc004314c0eb8feeb1987e705ce
spotify:track:6sHsXIJoEN5JpdkGMQDJxt,e6c75ce347454dee9da3dba31ccca49f,2026-06-29T20:04:24Z,1,,f71eccc004314c0eb8feeb1987e705ce
spotify:track:7ySbfLwdCwl1EM0zNCJZ38,e6c75ce347454dee9da3dba31ccca49f,2026-06-29T20:04:24Z,2,,f71eccc004314c0eb8feeb1987e705ce
spotify:track:0d28khcov6AiegSCpG5TuT,968eab982ccd4fe8bc90c17599c4d2d4,2026-07-01T07:45:35Z,1,,f71eccc004314c0eb8feeb1987e705ce
spotify:track:1KGi9sZVMeszgZOWivFpxs,968eab982ccd4fe8bc90c17599c4d2d4,2026-07-01T07:45:35Z,1,,f71eccc004314c0eb8feeb1987e705ce
spotify:track:2fuCquhmrzHpu5xcA1ci9x,968eab982ccd4fe8bc90c17599c4d2d4,2026-07-01T07:45:35Z,2,,f71eccc004314c0eb8feeb1987e705ce
spotify:track:2HWWNoWEEEECwZhAiLg7ib,968eab982ccd4fe8bc90c17599c4d2d4,2026-07-01T07:45:35Z,1,,f71eccc004314c0eb8feeb1987e705ce
spotify:track:7jLbTp3qZzah9kMIdW8e5M,968eab982ccd4fe8bc90c17599c4d2d4,2026-07-01T07:45:35Z,1,,f71eccc004314c0eb8feeb1987e705ce
spotify:track:1KGi9sZVMeszgZOWivFpxs,5b73825c50154f5faf5593b9b85e2ff1,2026-07-01T13:46:19Z,1,,f71eccc004314c0eb8feeb1987e705ce
spotify:track:7jLbTp3qZzah9kMIdW8e5M,5b73825c50154f5faf5593b9b85e2ff1,2026-07-01T13:46:19Z,2,,f71eccc004314c0eb8feeb1987e705ce
spotify:track:7ySbfLwdCwl1EM0zNCJZ38,5b73825c50154f5faf5593b9b85e2ff1,2026-07-01T13:46:19Z,3,,f71eccc004314c0eb8feeb1987e705ce
spotify:track:3pvOdS9kIz3LL0UoRVsabS,ebb25a7b909a431dbc2f15552c35dd26,2026-07-02T08:43:42Z,3,,f71eccc004314c0eb8feeb1987e705ce
spotify:track:5lWSa1rmuSL6OBPOnkAqoa,ebb25a7b909a431dbc2f15552c35dd26,2026-07-02T08:43:42Z,2,,f71eccc004314c0eb8feeb1987e705ce
spotify:track:6sHsXIJoEN5JpdkGMQDJxt,ebb25a7b909a431dbc2f15552c35dd26,2026-07-02T08:43:42Z,1,,f71eccc004314c0eb8feeb1987e705ce
spotify:track:6W7ztLBiRzBN46ZaPAcQ0F,b7501cd252ff45a1bf113b6865434a09,2026-07-02T13:14:13Z,1,,f71eccc004314c0eb8feeb1987e705ce
spotify:track:7HW5WIw7ZgZORCzUxv5gW5,b7501cd252ff45a1bf113b6865434a09,2026-07-02T13:14:13Z,2,,f71eccc004314c0eb8feeb1987e705ce
spotify:track:7MZHqgTVTnN6xZGYAcEEAf,b7501cd252ff45a1bf113b6865434a09,2026-07-02T13:14:13Z,2,,f71eccc004314c0eb8feeb1987e705ce
spotify:track:7tqhbajSfrz2F7E1Z75ASX,b7501cd252ff45a1bf113b6865434a09,2026-07-02T13:14:13Z,1,,f71eccc004314c0eb8feeb1987e705ce
spotify:track:0d28khcov6AiegSCpG5TuT,352937952a174ae3aab8108db4308b2e,2026-07-02T13:24:46Z,1,,f71eccc004314c0eb8feeb1987e705ce
spotify:track:2igwFfvr1OAGX9SKDCPBwO,352937952a174ae3aab8108db4308b2e,2026-07-02T13:24:46Z,1,,f71eccc004314c0eb8feeb1987e705ce
spotify:track:5lWSa1rmuSL6OBPOnkAqoa,352937952a174ae3aab8108db4308b2e,2026-07-02T13:24:46Z,1,,f71eccc004314c0eb8feeb1987e705ce
spotify:track:7HW5WIw7ZgZORCzUxv5gW5,352937952a174ae3aab8108db4308b2e,2026-07-02T13:24:46Z,1,,f71eccc004314c0eb8feeb1987e705ce
spotify:track:7jLbTp3qZzah9kMIdW8e5M,352937952a174ae3aab8108db4308b2e,2026-07-02T13:24:46Z,1,,f71eccc004314c0eb8feeb1987e705ce
spotify:track:7tqhbajSfrz2F7E1Z75ASX,352937952a174ae3aab8108db4308b2e,2026-07-02T13:24:46Z,1,,f71eccc004314c0eb8feeb1987e705ce
spotify:track:1KGi9sZVMeszgZOWivFpxs,0406a844f485406d9a23983096f7d39f,2026-07-02T14:35:10Z,2,,f71eccc004314c0eb8feeb1987e705ce
spotify:track:5lWSa1rmuSL6OBPOnkAqoa,0406a844f485406d9a23983096f7d39f,2026-07-02T14:35:10Z,2,,f71eccc004314c0eb8feeb1987e705ce
spotify:track:6sHsXIJoEN5JpdkGMQDJxt,0406a844f485406d9a23983096f7d39f,2026-07-02T14:35:10Z,2,,f71eccc004314c0eb8feeb1987e705ce
spotify:track:19kHhX6f6EfLU7rcO3RqjO,4c11ed2e1d2840829a8c25e34c8b7892,2026-07-02T16:29:07Z,1,,f71eccc004314c0eb8feeb1987e705ce
spotify:track:1KGi9sZVMeszgZOWivFpxs,4c11ed2e1d2840829a8c25e34c8b7892,2026-07-02T16:29:07Z,2,,f71eccc004314c0eb8feeb1987e705ce
spotify:track:2igwFfvr1OAGX9SKDCPBwO,4c11ed2e1d2840829a8c25e34c8b7892,2026-07-02T16:29:07Z,1,,f71eccc004314c0eb8feeb1987e705ce
spotify:track:7HW5WIw7ZgZORCzUxv5gW5,4c11ed2e1d2840829a8c25e34c8b7892,2026-07-02T16:29:07Z,2,,f71eccc004314c0eb8feeb1987e705ce
spotify:track:2igwFfvr1OAGX9SKDCPBwO,5fbb8ebfab034a5ea003d35bfaf1a59d,2026-07-02T19:18:04Z,3,,f71eccc004314c0eb8feeb1987e705ce
spotify:track:5lWSa1rmuSL6OBPOnkAqoa,5fbb8ebfab034a5ea003d35bfaf1a59d,2026-07-02T19:18:04Z,1,,f71eccc004314c0eb8feeb1987e705ce
spotify:track:7tqhbajSfrz2F7E1Z75ASX,5fbb8ebfab034a5ea003d35bfaf1a59d,2026-07-02T19:18:04Z,2,,f71eccc004314c0eb8feeb1987e705ce
spotify:track:2HWWNoWEEEECwZhAiLg7ib,95f0f3d2f6e84e54b527a9847c90935c,2026-07-03T07:02:51Z,1,,f71eccc004314c0eb8feeb1987e705ce
spotify:track:2igwFfvr1OAGX9SKDCPBwO,95f0f3d2f6e84e54b527a9847c90935c,2026-07-03T07:02:51Z,3,,f71eccc004314c0eb8feeb1987e705ce
spotify:track:7tqhbajSfrz2F7E1Z75ASX,95f0f3d2f6e84e54b527a9847c90935c,2026-07-03T07:02:51Z,2,,f71eccc004314c0eb8feeb1987e705ce
spotify:track:2VxeLyX666F8uXCJ0dZF8B,8fc1dc71014e405da1c76d2fc096a6d6,2026-07-03T11:25:38Z,1,,f71eccc004314c0eb8feeb1987e705ce
spotify:track:6EIVLz5xM1xE29r0OmIkWt,8fc1dc71014e405da1c76d2fc096a6d6,2026-07-03T11:25:38Z,1,,f71eccc004314c0eb8feeb1987e705ce
spotify:track:6sHsXIJoEN5JpdkGMQDJxt,8fc1dc71014e405da1c76d2fc096a6d6,2026-07-03T11:25:38Z,1,,f71eccc004314c0eb8feeb1987e705ce
spotify:track:6W7ztLBiRzBN46ZaPAcQ0F,8fc1dc71014e405da1c76d2fc096a6d6,2026-07-03T11:25:38Z,1,,f71eccc004314c0eb8feeb1987e705ce
spotify:track:7jLbTp3qZzah9kMIdW8e5M,8fc1dc71014e405da1c76d2fc096a6d6,2026-07-03T11:25:38Z,2,,f71eccc004314c0eb8feeb1987e705ce
spotify:track:5lWSa1rmuSL6OBPOnkAqoa,43625de5909c488b967f4bd2380dd2bb,2026-07-03T12:34:22Z,2,,f71eccc004314c0eb8feeb1987e705ce
spotify:track:7jLbTp3qZzah9kMIdW8e5M,43625de5909c488b967f4bd2380dd2bb,2026-07-03T12:34:22Z,1,,f71eccc004314c0eb8feeb1987e705ce
spotify:track:7tqhbajSfrz2F7E1Z75ASX,43625de5909c488b967f4bd2380dd2bb,2026-07-03T12:34:22Z,3,,f71eccc004314c0eb8feeb1987e705ce
spotify:track:2m1hi0nfMR9vdGC8UcrnwU,2f9cdeb16a7f487c8bf4a6ed6b08ae38,2026-07-06T13:17:08Z,2,,f795f7c8c9fb47bebdfa62625838b763
spotify:track:3FtYbEfBqAlGO46NUDQSAt,2f9cdeb16a7f487c8bf4a6ed6b08ae38,2026-07-06T13:17:08Z,1,,f795f7c8c9fb47bebdfa62625838b763
spotify:track:5cY8y2XgOfkAh4kSWLFKkz,2f9cdeb16a7f487c8bf4a6ed6b08ae38,2026-07-06T13:17:08Z,1,,f795f7c8c9fb47bebdfa62625838b763
spotify:track:70LcF31zb1H0PyJoS1Sx1r,2f9cdeb16a7f487c8bf4a6ed6b08ae38,2026-07-06T13:17:08Z,2,,f795f7c8c9fb47bebdfa62625838b763
spotify:track:2m1hi0nfMR9vdGC8UcrnwU,352937952a174ae3aab8108db4308b2e,2026-07-06T15:54:45Z,2,,f795f7c8c9fb47bebdfa62625838b763
spotify:track:3FtYbEfBqAlGO46NUDQSAt,352937952a174ae3aab8108db4308b2e,2026-07-06T15:54:45Z,2,,f795f7c8c9fb47bebdfa62625838b763
spotify:track:3l9CW99AHtExIRV4hW2N5m,352937952a174ae3aab8108db4308b2e,2026-07-06T15:54:45Z,1,,f795f7c8c9fb47bebdfa62625838b763
spotify:track:4CeeEOM32jQcH3eN9Q2dGj,352937952a174ae3aab8108db4308b2e,2026-07-06T15:54:45Z,1,,f795f7c8c9fb47bebdfa62625838b763
spotify:track:3FtYbEfBqAlGO46NUDQSAt,b7501cd252ff45a1bf113b6865434a09,2026-07-08T08:40:32Z,2,,f795f7c8c9fb47bebdfa62625838b763
spotify:track:3SFXsFpeGmBTtQvKiwYMDA,b7501cd252ff45a1bf113b6865434a09,2026-07-08T08:40:32Z,2,,f795f7c8c9fb47bebdfa62625838b763
spotify:track:6urCAbunOQI4bLhmGpX7iS,b7501cd252ff45a1bf113b6865434a09,2026-07-08T08:40:32Z,2,,f795f7c8c9fb47bebdfa62625838b763
spotify:track:2E43WFS4rRc09za2r2GmZl,5b73825c50154f5faf5593b9b85e2ff1,2026-07-08T08:50:05Z,1,,f795f7c8c9fb47bebdfa62625838b763
spotify:track:4CeeEOM32jQcH3eN9Q2dGj,5b73825c50154f5faf5593b9b85e2ff1,2026-07-08T08:50:05Z,1,,f795f7c8c9fb47bebdfa62625838b763
spotify:track:5cY8y2XgOfkAh4kSWLFKkz,5b73825c50154f5faf5593b9b85e2ff1,2026-07-08T08:50:05Z,1,,f795f7c8c9fb47bebdfa62625838b763
spotify:track:6AGBZEHiJTtM0GE7iEFYRB,5b73825c50154f5faf5593b9b85e2ff1,2026-07-08T08:50:05Z,2,,f795f7c8c9fb47bebdfa62625838b763
spotify:track:70LcF31zb1H0PyJoS1Sx1r,5b73825c50154f5faf5593b9b85e2ff1,2026-07-08T08:50:05Z,1,,f795f7c8c9fb47bebdfa62625838b763
spotify:track:3l9CW99AHtExIRV4hW2N5m,3d1b93dc4aef4e1aa8d20e8e903a52cc,2026-07-08T08:56:36Z,2,,f795f7c8c9fb47bebdfa62625838b763
spotify:track:4CeeEOM32jQcH3eN9Q2dGj,3d1b93dc4aef4e1aa8d20e8e903a52cc,2026-07-08T08:56:36Z,1,,f795f7c8c9fb47bebdfa62625838b763
spotify:track:4yS9mjJiE8dyC8EVg9vupQ,3d1b93dc4aef4e1aa8d20e8e903a52cc,2026-07-08T08:56:36Z,1,,f795f7c8c9fb47bebdfa62625838b763
spotify:track:5cY8y2XgOfkAh4kSWLFKkz,3d1b93dc4aef4e1aa8d20e8e903a52cc,2026-07-08T08:56:36Z,2,,f795f7c8c9fb47bebdfa62625838b763
spotify:track:5WJU527RQNyMLuKecjsL8V,638bece9d51043468d065ac30af784f2,2026-07-08T12:14:22Z,2,,f795f7c8c9fb47bebdfa62625838b763
spotify:track:6urCAbunOQI4bLhmGpX7iS,638bece9d51043468d065ac30af784f2,2026-07-08T12:14:22Z,1,,f795f7c8c9fb47bebdfa62625838b763
spotify:track:70LcF31zb1H0PyJoS1Sx1r,638bece9d51043468d065ac30af784f2,2026-07-08T12:14:22Z,3,,f795f7c8c9fb47bebdfa62625838b763
spotify:track:0KPWi8mDRagwxnwaA0di8a,95f0f3d2f6e84e54b527a9847c90935c,2026-07-08T13:10:33Z,3,,f795f7c8c9fb47bebdfa62625838b763
spotify:track:3FtYbEfBqAlGO46NUDQSAt,95f0f3d2f6e84e54b527a9847c90935c,2026-07-08T13:10:33Z,1,,f795f7c8c9fb47bebdfa62625838b763
spotify:track:4CeeEOM32jQcH3eN9Q2dGj,95f0f3d2f6e84e54b527a9847c90935c,2026-07-08T13:10:33Z,2,,f795f7c8c9fb47bebdfa62625838b763
spotify:track:3l9CW99AHtExIRV4hW2N5m,ebb25a7b909a431dbc2f15552c35dd26,2026-07-08T18:58:00Z,1,,f795f7c8c9fb47bebdfa62625838b763
spotify:track:3SFXsFpeGmBTtQvKiwYMDA,ebb25a7b909a431dbc2f15552c35dd26,2026-07-08T18:58:00Z,3,,f795f7c8c9fb47bebdfa62625838b763
spotify:track:5cY8y2XgOfkAh4kSWLFKkz,ebb25a7b909a431dbc2f15552c35dd26,2026-07-08T18:58:00Z,2,,f795f7c8c9fb47bebdfa62625838b763
spotify:track:3FtYbEfBqAlGO46NUDQSAt,0406a844f485406d9a23983096f7d39f,2026-07-08T20:34:03Z,1,,f795f7c8c9fb47bebdfa62625838b763
spotify:track:3l9CW99AHtExIRV4hW2N5m,0406a844f485406d9a23983096f7d39f,2026-07-08T20:34:03Z,2,,f795f7c8c9fb47bebdfa62625838b763
spotify:track:4CeeEOM32jQcH3eN9Q2dGj,0406a844f485406d9a23983096f7d39f,2026-07-08T20:34:03Z,1,,f795f7c8c9fb47bebdfa62625838b763
spotify:track:5FVd6KXrgO9B3JPmC8OPst,0406a844f485406d9a23983096f7d39f,2026-07-08T20:34:03Z,1,,f795f7c8c9fb47bebdfa62625838b763
spotify:track:70LcF31zb1H0PyJoS1Sx1r,0406a844f485406d9a23983096f7d39f,2026-07-08T20:34:03Z,1,,f795f7c8c9fb47bebdfa62625838b763
spotify:track:2m1hi0nfMR9vdGC8UcrnwU,968eab982ccd4fe8bc90c17599c4d2d4,2026-07-09T14:16:35Z,1,,f795f7c8c9fb47bebdfa62625838b763
spotify:track:4CeeEOM32jQcH3eN9Q2dGj,968eab982ccd4fe8bc90c17599c4d2d4,2026-07-09T14:16:35Z,1,,f795f7c8c9fb47bebdfa62625838b763
spotify:track:4yS9mjJiE8dyC8EVg9vupQ,968eab982ccd4fe8bc90c17599c4d2d4,2026-07-09T14:16:35Z,1,,f795f7c8c9fb47bebdfa62625838b763
spotify:track:5UWwZ5lm5PKu6eKsHAGxOk,968eab982ccd4fe8bc90c17599c4d2d4,2026-07-09T14:16:35Z,1,,f795f7c8c9fb47bebdfa62625838b763
spotify:track:5WJU527RQNyMLuKecjsL8V,968eab982ccd4fe8bc90c17599c4d2d4,2026-07-09T14:16:35Z,1,,f795f7c8c9fb47bebdfa62625838b763
spotify:track:6AGBZEHiJTtM0GE7iEFYRB,968eab982ccd4fe8bc90c17599c4d2d4,2026-07-09T14:16:35Z,1,,f795f7c8c9fb47bebdfa62625838b763
spotify:track:0KPWi8mDRagwxnwaA0di8a,441377a4cd194279803e5145568346ed,2026-07-10T08:53:59Z,3,,f795f7c8c9fb47bebdfa62625838b763
spotify:track:6AGBZEHiJTtM0GE7iEFYRB,441377a4cd194279803e5145568346ed,2026-07-10T08:53:59Z,2,,f795f7c8c9fb47bebdfa62625838b763
spotify:track:70LcF31zb1H0PyJoS1Sx1r,441377a4cd194279803e5145568346ed,2026-07-10T08:53:59Z,1,,f795f7c8c9fb47bebdfa62625838b763
spotify:track:4yS9mjJiE8dyC8EVg9vupQ,b283b84b47b14942b2dc114115d20741,2026-07-10T12:54:22Z,3,,f795f7c8c9fb47bebdfa62625838b763
spotify:track:6AGBZEHiJTtM0GE7iEFYRB,b283b84b47b14942b2dc114115d20741,2026-07-10T12:54:22Z,2,,f795f7c8c9fb47bebdfa62625838b763
spotify:track:6urCAbunOQI4bLhmGpX7iS,b283b84b47b14942b2dc114115d20741,2026-07-10T12:54:22Z,1,,f795f7c8c9fb47bebdfa62625838b763
spotify:track:1rfofaqEpACxVEHIZBJe6W,ebb25a7b909a431dbc2f15552c35dd26,2026-07-13T22:24:16Z,2,,e1908309e127469eb21010bbcccf9663
spotify:track:0upFohXrGxIIAjyaJmCkMU,ebb25a7b909a431dbc2f15552c35dd26,2026-07-13T22:24:16Z,1,,e1908309e127469eb21010bbcccf9663
spotify:track:124Y9LPRCAz3q2OP0iCvcJ,ebb25a7b909a431dbc2f15552c35dd26,2026-07-13T22:24:16Z,3,,e1908309e127469eb21010bbcccf9663
spotify:track:5fgkjhICZnqFctrV0AyuQD,638bece9d51043468d065ac30af784f2,2026-07-14T13:01:26Z,2,,e1908309e127469eb21010bbcccf9663
spotify:track:1auxYwYrFRqZP7t3s7w4um,638bece9d51043468d065ac30af784f2,2026-07-14T13:01:26Z,3,🔥🔥,e1908309e127469eb21010bbcccf9663
spotify:track:5iY4ME9owPdS6R99Kcz5Gr,638bece9d51043468d065ac30af784f2,2026-07-14T13:01:26Z,1,,e1908309e127469eb21010bbcccf9663
spotify:track:4U45aEWtQhrm8A5mxPaFZ7,968eab982ccd4fe8bc90c17599c4d2d4,2026-07-14T17:35:16Z,2,,e1908309e127469eb21010bbcccf9663
spotify:track:1rfofaqEpACxVEHIZBJe6W,968eab982ccd4fe8bc90c17599c4d2d4,2026-07-14T17:35:16Z,1,,e1908309e127469eb21010bbcccf9663
spotify:track:1auxYwYrFRqZP7t3s7w4um,968eab982ccd4fe8bc90c17599c4d2d4,2026-07-14T17:35:16Z,1,,e1908309e127469eb21010bbcccf9663
spotify:track:124Y9LPRCAz3q2OP0iCvcJ,968eab982ccd4fe8bc90c17599c4d2d4,2026-07-14T17:35:16Z,1,,e1908309e127469eb21010bbcccf9663
spotify:track:5wD6de7Fz1QfxVNkv1SEy7,968eab982ccd4fe8bc90c17599c4d2d4,2026-07-14T17:35:16Z,1,,e1908309e127469eb21010bbcccf9663
spotify:track:6etwirSInfuJrSOlogS6Sh,7b91d7e5ed6d4471b9e7f7be669593c5,2026-07-14T20:05:02Z,2,,e1908309e127469eb21010bbcccf9663
spotify:track:0upFohXrGxIIAjyaJmCkMU,7b91d7e5ed6d4471b9e7f7be669593c5,2026-07-14T20:05:02Z,3,,e1908309e127469eb21010bbcccf9663
spotify:track:5wD6de7Fz1QfxVNkv1SEy7,7b91d7e5ed6d4471b9e7f7be669593c5,2026-07-14T20:05:02Z,1,,e1908309e127469eb21010bbcccf9663
spotify:track:5fgkjhICZnqFctrV0AyuQD,5b73825c50154f5faf5593b9b85e2ff1,2026-07-15T07:51:02Z,2,,e1908309e127469eb21010bbcccf9663
spotify:track:6etwirSInfuJrSOlogS6Sh,5b73825c50154f5faf5593b9b85e2ff1,2026-07-15T07:51:02Z,1,,e1908309e127469eb21010bbcccf9663
spotify:track:1rfofaqEpACxVEHIZBJe6W,5b73825c50154f5faf5593b9b85e2ff1,2026-07-15T07:51:02Z,2,,e1908309e127469eb21010bbcccf9663
spotify:track:5sra5UY6sD658OabHL3QtI,5b73825c50154f5faf5593b9b85e2ff1,2026-07-15T07:51:02Z,1,,e1908309e127469eb21010bbcccf9663
spotify:track:6tS3XVuOyu10897O3ae7bi,352937952a174ae3aab8108db4308b2e,2026-07-15T08:24:04Z,1,,e1908309e127469eb21010bbcccf9663
spotify:track:6xE6ZWzK1YDDSYzqOCoQlz,352937952a174ae3aab8108db4308b2e,2026-07-15T08:24:04Z,1,,e1908309e127469eb21010bbcccf9663
spotify:track:2ixsaeFioXJmMgkkbd4uj1,352937952a174ae3aab8108db4308b2e,2026-07-15T08:24:04Z,1,,e1908309e127469eb21010bbcccf9663
spotify:track:124Y9LPRCAz3q2OP0iCvcJ,352937952a174ae3aab8108db4308b2e,2026-07-15T08:24:04Z,1,,e1908309e127469eb21010bbcccf9663
spotify:track:4U45aEWtQhrm8A5mxPaFZ7,352937952a174ae3aab8108db4308b2e,2026-07-15T08:24:04Z,1,,e1908309e127469eb21010bbcccf9663
spotify:track:5iY4ME9owPdS6R99Kcz5Gr,352937952a174ae3aab8108db4308b2e,2026-07-15T08:24:04Z,1,,e1908309e127469eb21010bbcccf9663
spotify:track:6tS3XVuOyu10897O3ae7bi,3d1b93dc4aef4e1aa8d20e8e903a52cc,2026-07-16T07:30:21Z,1,,e1908309e127469eb21010bbcccf9663
spotify:track:5sra5UY6sD658OabHL3QtI,3d1b93dc4aef4e1aa8d20e8e903a52cc,2026-07-16T07:30:21Z,1,,e1908309e127469eb21010bbcccf9663
spotify:track:1auxYwYrFRqZP7t3s7w4um,3d1b93dc4aef4e1aa8d20e8e903a52cc,2026-07-16T07:30:21Z,2,,e1908309e127469eb21010bbcccf9663
spotify:track:124Y9LPRCAz3q2OP0iCvcJ,3d1b93dc4aef4e1aa8d20e8e903a52cc,2026-07-16T07:30:21Z,2,,e1908309e127469eb21010bbcccf9663
spotify:track:2ixsaeFioXJmMgkkbd4uj1,2f9cdeb16a7f487c8bf4a6ed6b08ae38,2026-07-16T07:34:12Z,2,,e1908309e127469eb21010bbcccf9663
spotify:track:3qhlB30KknSejmIvZZLjOD,2f9cdeb16a7f487c8bf4a6ed6b08ae38,2026-07-16T07:34:12Z,2,,e1908309e127469eb21010bbcccf9663
spotify:track:5wD6de7Fz1QfxVNkv1SEy7,2f9cdeb16a7f487c8bf4a6ed6b08ae38,2026-07-16T07:34:12Z,1,,e1908309e127469eb21010bbcccf9663
spotify:track:6tS3XVuOyu10897O3ae7bi,2f9cdeb16a7f487c8bf4a6ed6b08ae38,2026-07-16T07:34:12Z,1,,e1908309e127469eb21010bbcccf9663
spotify:track:6etwirSInfuJrSOlogS6Sh,0406a844f485406d9a23983096f7d39f,2026-07-16T07:49:16Z,2,,e1908309e127469eb21010bbcccf9663
spotify:track:5iY4ME9owPdS6R99Kcz5Gr,0406a844f485406d9a23983096f7d39f,2026-07-16T07:49:16Z,1,,e1908309e127469eb21010bbcccf9663
spotify:track:1auxYwYrFRqZP7t3s7w4um,0406a844f485406d9a23983096f7d39f,2026-07-16T07:49:16Z,2,,e1908309e127469eb21010bbcccf9663
spotify:track:0upFohXrGxIIAjyaJmCkMU,0406a844f485406d9a23983096f7d39f,2026-07-16T07:49:16Z,1,,e1908309e127469eb21010bbcccf9663
spotify:track:124Y9LPRCAz3q2OP0iCvcJ,b7501cd252ff45a1bf113b6865434a09,2026-07-17T12:27:52Z,2,,e1908309e127469eb21010bbcccf9663
spotify:track:4U45aEWtQhrm8A5mxPaFZ7,b7501cd252ff45a1bf113b6865434a09,2026-07-17T12:27:52Z,2,,e1908309e127469eb21010bbcccf9663
spotify:track:5sra5UY6sD658OabHL3QtI,b7501cd252ff45a1bf113b6865434a09,2026-07-17T12:27:52Z,2,,e1908309e127469eb21010bbcccf9663
spotify:track:5RKQ5NdjSh2QzD4MaunT91,7b91d7e5ed6d4471b9e7f7be669593c5,2026-07-20T14:12:24Z,1,,c399268c99464fa3b62163792d202408
spotify:track:5avQSAKB1dOEeIQBqV4jgW,7b91d7e5ed6d4471b9e7f7be669593c5,2026-07-20T14:12:24Z,2,,c399268c99464fa3b62163792d202408
spotify:track:3U5JVgI2x4rDyHGObzJfNf,7b91d7e5ed6d4471b9e7f7be669593c5,2026-07-20T14:12:24Z,3,,c399268c99464fa3b62163792d202408
spotify:track:5RKQ5NdjSh2QzD4MaunT91,ebb25a7b909a431dbc2f15552c35dd26,2026-07-21T07:53:20Z,1,,c399268c99464fa3b62163792d202408
spotify:track:4fxF8ljwryMZX5c9EKrLFE,ebb25a7b909a431dbc2f15552c35dd26,2026-07-21T07:53:20Z,2,,c399268c99464fa3b62163792d202408
spotify:track:3U5JVgI2x4rDyHGObzJfNf,ebb25a7b909a431dbc2f15552c35dd26,2026-07-21T07:53:20Z,3,,c399268c99464fa3b62163792d202408
spotify:track:0eBFgRxyVSeuT4iyrbukdn,5b73825c50154f5faf5593b9b85e2ff1,2026-07-21T11:58:54Z,1,,c399268c99464fa3b62163792d202408
spotify:track:0kosUz0jePvjiz4ctmR6wL,5b73825c50154f5faf5593b9b85e2ff1,2026-07-21T11:58:54Z,2,,c399268c99464fa3b62163792d202408
spotify:track:2IlT65thKQQw248mhk2PjQ,5b73825c50154f5faf5593b9b85e2ff1,2026-07-21T11:58:54Z,3,,c399268c99464fa3b62163792d202408
spotify:track:4fxF8ljwryMZX5c9EKrLFE,968eab982ccd4fe8bc90c17599c4d2d4,2026-07-21T13:05:45Z,1,,c399268c99464fa3b62163792d202408
spotify:track:5RKQ5NdjSh2QzD4MaunT91,968eab982ccd4fe8bc90c17599c4d2d4,2026-07-21T13:05:45Z,1,,c399268c99464fa3b62163792d202408
spotify:track:6CGMZijOAZvTXG21T8t6R0,968eab982ccd4fe8bc90c17599c4d2d4,2026-07-21T13:05:45Z,2,,c399268c99464fa3b62163792d202408
spotify:track:0eBFgRxyVSeuT4iyrbukdn,968eab982ccd4fe8bc90c17599c4d2d4,2026-07-21T13:05:45Z,1,,c399268c99464fa3b62163792d202408
spotify:track:0kosUz0jePvjiz4ctmR6wL,968eab982ccd4fe8bc90c17599c4d2d4,2026-07-21T13:05:45Z,1,,c399268c99464fa3b62163792d202408
spotify:track:3U5JVgI2x4rDyHGObzJfNf,3d1b93dc4aef4e1aa8d20e8e903a52cc,2026-07-21T14:29:44Z,1,,c399268c99464fa3b62163792d202408
spotify:track:5avQSAKB1dOEeIQBqV4jgW,3d1b93dc4aef4e1aa8d20e8e903a52cc,2026-07-21T14:29:44Z,2,,c399268c99464fa3b62163792d202408
spotify:track:5RKQ5NdjSh2QzD4MaunT91,3d1b93dc4aef4e1aa8d20e8e903a52cc,2026-07-21T14:29:44Z,2,,c399268c99464fa3b62163792d202408
spotify:track:1OisyDHy5LRaH7UN7umfyI,3d1b93dc4aef4e1aa8d20e8e903a52cc,2026-07-21T14:29:44Z,1,,c399268c99464fa3b62163792d202408
spotify:track:6CGMZijOAZvTXG21T8t6R0,638bece9d51043468d065ac30af784f2,2026-07-21T14:30:46Z,2,,c399268c99464fa3b62163792d202408
spotify:track:0eBFgRxyVSeuT4iyrbukdn,638bece9d51043468d065ac30af784f2,2026-07-21T14:30:46Z,1,,c399268c99464fa3b62163792d202408
spotify:track:3U5JVgI2x4rDyHGObzJfNf,638bece9d51043468d065ac30af784f2,2026-07-21T14:30:46Z,3,,c399268c99464fa3b62163792d202408
spotify:track:3zp3Mq8krAb1067UL94zJq,95f0f3d2f6e84e54b527a9847c90935c,2026-07-22T08:31:05Z,3,,c399268c99464fa3b62163792d202408
spotify:track:6CGMZijOAZvTXG21T8t6R0,95f0f3d2f6e84e54b527a9847c90935c,2026-07-22T08:31:05Z,1,,c399268c99464fa3b62163792d202408
spotify:track:79pT7sUpGnVQqjvlwM9sq8,95f0f3d2f6e84e54b527a9847c90935c,2026-07-22T08:31:05Z,2,,c399268c99464fa3b62163792d202408
spotify:track:1OAMZ1AV5y6DHI5kzP0L3V,2f9cdeb16a7f487c8bf4a6ed6b08ae38,2026-07-22T08:39:57Z,2,,c399268c99464fa3b62163792d202408
spotify:track:2IlT65thKQQw248mhk2PjQ,2f9cdeb16a7f487c8bf4a6ed6b08ae38,2026-07-22T08:39:57Z,1,,c399268c99464fa3b62163792d202408
spotify:track:3zp3Mq8krAb1067UL94zJq,2f9cdeb16a7f487c8bf4a6ed6b08ae38,2026-07-22T08:39:57Z,2,,c399268c99464fa3b62163792d202408
spotify:track:6CGMZijOAZvTXG21T8t6R0,2f9cdeb16a7f487c8bf4a6ed6b08ae38,2026-07-22T08:39:57Z,1,,c399268c99464fa3b62163792d202408
spotify:track:6CGMZijOAZvTXG21T8t6R0,b7501cd252ff45a1bf113b6865434a09,2026-07-23T15:38:03Z,1,,c399268c99464fa3b62163792d202408
spotify:track:5RKQ5NdjSh2QzD4MaunT91,b7501cd252ff45a1bf113b6865434a09,2026-07-23T15:38:03Z,2,,c399268c99464fa3b62163792d202408
spotify:track:4fxF8ljwryMZX5c9EKrLFE,b7501cd252ff45a1bf113b6865434a09,2026-07-23T15:38:03Z,2,,c399268c99464fa3b62163792d202408
spotify:track:0kosUz0jePvjiz4ctmR6wL,b7501cd252ff45a1bf113b6865434a09,2026-07-23T15:38:03Z,1,,c399268c99464fa3b62163792d202408
spotify:track:2IlT65thKQQw248mhk2PjQ,43625de5909c488b967f4bd2380dd2bb,2026-07-24T08:52:42Z,1,,c399268c99464fa3b62163792d202408
spotify:track:1OisyDHy5LRaH7UN7umfyI,43625de5909c488b967f4bd2380dd2bb,2026-07-24T08:52:42Z,2,,c399268c99464fa3b62163792d202408
spotify:track:5avQSAKB1dOEeIQBqV4jgW,43625de5909c488b967f4bd2380dd2bb,2026-07-24T08:52:42Z,3,,c399268c99464fa3b62163792d202408
